[0m19:23:43.925320 [debug] [MainThread]: Sending event: {'category': 'dbt', 'action': 'invocation', 'label': 'start', 'context': [<snowplow_tracker.self_describing_json.SelfDescribingJson object at 0x759362a15900>, <snowplow_tracker.self_describing_json.SelfDescribingJson object at 0x759360f4a440>, <snowplow_tracker.self_describing_json.SelfDescribingJson object at 0x759360f4a3e0>]}


============================== 19:23:43.928046 | 0b79a711-5979-4fb3-b8a6-b6c651191774 ==============================
[0m19:23:43.928046 [info ] [MainThread]: Running with dbt=1.8.8
[0m19:23:43.928524 [debug] [MainThread]: running dbt with arguments {'printer_width': '80', 'indirect_selection': 'eager', 'log_cache_events': 'False', 'write_json': 'True', 'partial_parse': 'True', 'cache_selected_only': 'False', 'profiles_dir': '/home/prasannak/.dbt', 'version_check': 'True', 'warn_error': 'None', 'log_path': '/home/prasannak/Documents/dbt_project/dbt_project/logs', 'debug': 'False', 'fail_fast': 'False', 'use_colors': 'True', 'use_experimental_parser': 'False', 'empty': 'None', 'quiet': 'False', 'no_print': 'None', 'warn_error_options': 'WarnErrorOptions(include=[], exclude=[])', 'invocation_command': 'dbt debug', 'static_parser': 'True', 'introspect': 'True', 'target_path': 'None', 'log_format': 'default', 'send_anonymous_usage_stats': 'True'}
[0m19:23:43.938564 [info ] [MainThread]: dbt version: 1.8.8
[0m19:23:43.939132 [info ] [MainThread]: python version: 3.10.12
[0m19:23:43.939546 [info ] [MainThread]: python path: /usr/bin/python3
[0m19:23:43.939852 [info ] [MainThread]: os info: Linux-6.9.3-76060903-generic-x86_64-with-glibc2.35
[0m19:23:43.944072 [info ] [MainThread]: Error importing adapter: No module named 'dbt.adapters.postgres'
[0m19:23:43.944699 [info ] [MainThread]: Using profiles dir at /home/prasannak/.dbt
[0m19:23:43.945097 [info ] [MainThread]: Using profiles.yml file at /home/prasannak/.dbt/profiles.yml
[0m19:23:43.945479 [info ] [MainThread]: Using dbt_project.yml file at /home/prasannak/Documents/dbt_project/dbt_project/dbt_project.yml
[0m19:23:44.046882 [info ] [MainThread]: Configuration:
[0m19:23:44.047376 [info ] [MainThread]:   profiles.yml file [[31mERROR invalid[0m]
[0m19:23:44.047653 [info ] [MainThread]:   dbt_project.yml file [[32mOK found and valid[0m]
[0m19:23:44.047892 [info ] [MainThread]: Required dependencies:
[0m19:23:44.048141 [debug] [MainThread]: Executing "git --help"
[0m19:23:44.049576 [debug] [MainThread]: STDOUT: "b"usage: git [--version] [--help] [-C <path>] [-c <name>=<value>]\n           [--exec-path[=<path>]] [--html-path] [--man-path] [--info-path]\n           [-p | --paginate | -P | --no-pager] [--no-replace-objects] [--bare]\n           [--git-dir=<path>] [--work-tree=<path>] [--namespace=<name>]\n           [--super-prefix=<path>] [--config-env=<name>=<envvar>]\n           <command> [<args>]\n\nThese are common Git commands used in various situations:\n\nstart a working area (see also: git help tutorial)\n   clone     Clone a repository into a new directory\n   init      Create an empty Git repository or reinitialize an existing one\n\nwork on the current change (see also: git help everyday)\n   add       Add file contents to the index\n   mv        Move or rename a file, a directory, or a symlink\n   restore   Restore working tree files\n   rm        Remove files from the working tree and from the index\n\nexamine the history and state (see also: git help revisions)\n   bisect    Use binary search to find the commit that introduced a bug\n   diff      Show changes between commits, commit and working tree, etc\n   grep      Print lines matching a pattern\n   log       Show commit logs\n   show      Show various types of objects\n   status    Show the working tree status\n\ngrow, mark and tweak your common history\n   branch    List, create, or delete branches\n   commit    Record changes to the repository\n   merge     Join two or more development histories together\n   rebase    Reapply commits on top of another base tip\n   reset     Reset current HEAD to the specified state\n   switch    Switch branches\n   tag       Create, list, delete or verify a tag object signed with GPG\n\ncollaborate (see also: git help workflows)\n   fetch     Download objects and refs from another repository\n   pull      Fetch from and integrate with another repository or a local branch\n   push      Update remote refs along with associated objects\n\n'git help -a' and 'git help -g' list available subcommands and some\nconcept guides. See 'git help <command>' or 'git help <concept>'\nto read about a specific subcommand or concept.\nSee 'git help git' for an overview of the system.\n""
[0m19:23:44.049952 [debug] [MainThread]: STDERR: "b''"
[0m19:23:44.050201 [info ] [MainThread]:  - git [[32mOK found[0m]

[0m19:23:44.050453 [info ] [MainThread]: Connection test skipped since no profile was found
[0m19:23:44.050714 [info ] [MainThread]: [31m1 check failed:[0m
[0m19:23:44.050948 [info ] [MainThread]: Profile loading failed for the following reason:
Runtime Error
  Credentials in profile "dbt_project", target "dev" invalid: Runtime Error
    Could not find adapter type postgres!


[0m19:23:44.052871 [debug] [MainThread]: Resource report: {"command_name": "debug", "command_wall_clock_time": 0.1731453, "process_user_time": 1.137266, "process_kernel_time": 0.055963, "process_mem_max_rss": "99864", "process_in_blocks": "816", "process_out_blocks": "16", "command_success": false}
[0m19:23:44.054084 [debug] [MainThread]: Command `dbt debug` failed at 19:23:44.053887 after 0.17 seconds
[0m19:23:44.054686 [debug] [MainThread]: Sending event: {'category': 'dbt', 'action': 'invocation', 'label': 'end', 'context': [<snowplow_tracker.self_describing_json.SelfDescribingJson object at 0x759362a15900>, <snowplow_tracker.self_describing_json.SelfDescribingJson object at 0x7593623d9990>, <snowplow_tracker.self_describing_json.SelfDescribingJson object at 0x7593628bbe50>]}
[0m19:23:44.055786 [debug] [MainThread]: Flushing usage events
[0m12:15:25.887250 [debug] [MainThread]: Sending event: {'category': 'dbt', 'action': 'invocation', 'label': 'start', 'context': [<snowplow_tracker.self_describing_json.SelfDescribingJson object at 0x74c233fb18d0>, <snowplow_tracker.self_describing_json.SelfDescribingJson object at 0x74c2327063e0>, <snowplow_tracker.self_describing_json.SelfDescribingJson object at 0x74c232706c50>]}


============================== 12:15:25.890312 | 1f6560a9-777a-4f37-8c27-9f78c2f0abca ==============================
[0m12:15:25.890312 [info ] [MainThread]: Running with dbt=1.8.8
[0m12:15:25.890835 [debug] [MainThread]: running dbt with arguments {'printer_width': '80', 'indirect_selection': 'eager', 'write_json': 'True', 'log_cache_events': 'False', 'partial_parse': 'True', 'cache_selected_only': 'False', 'warn_error': 'None', 'version_check': 'True', 'debug': 'False', 'log_path': '/home/prasannak/Documents/dbt_project/dbt_project/logs', 'profiles_dir': '/home/prasannak/.dbt', 'fail_fast': 'False', 'use_colors': 'True', 'use_experimental_parser': 'False', 'empty': 'None', 'quiet': 'False', 'no_print': 'None', 'log_format': 'default', 'invocation_command': 'dbt ', 'warn_error_options': 'WarnErrorOptions(include=[], exclude=[])', 'static_parser': 'True', 'target_path': 'None', 'introspect': 'True', 'send_anonymous_usage_stats': 'True'}
[0m12:15:25.992487 [debug] [MainThread]: Sending event: {'category': 'dbt', 'action': 'project_id', 'label': '1f6560a9-777a-4f37-8c27-9f78c2f0abca', 'context': [<snowplow_tracker.self_describing_json.SelfDescribingJson object at 0x74c232583670>]}
[0m12:15:26.001969 [info ] [MainThread]: Warning: No packages were found in packages.yml
[0m12:15:26.002707 [info ] [MainThread]: Warning: No packages were found in packages.yml
[0m12:15:26.004206 [debug] [MainThread]: Sending event: {'category': 'dbt', 'action': 'invocation', 'label': 'end', 'context': [<snowplow_tracker.self_describing_json.SelfDescribingJson object at 0x74c233fb18d0>, <snowplow_tracker.self_describing_json.SelfDescribingJson object at 0x74c232583fa0>, <snowplow_tracker.self_describing_json.SelfDescribingJson object at 0x74c232468a30>]}
[0m12:15:26.004662 [debug] [MainThread]: Flushing usage events
[0m15:12:14.490322 [debug] [MainThread]: Sending event: {'category': 'dbt', 'action': 'invocation', 'label': 'start', 'context': [<snowplow_tracker.self_describing_json.SelfDescribingJson object at 0x7bf61506d8a0>, <snowplow_tracker.self_describing_json.SelfDescribingJson object at 0x7bf613bba650>, <snowplow_tracker.self_describing_json.SelfDescribingJson object at 0x7bf613bba860>]}


============================== 15:12:14.492504 | 273cb8a0-fa92-4204-94e4-37b0a731e0f3 ==============================
[0m15:12:14.492504 [info ] [MainThread]: Running with dbt=1.8.8
[0m15:12:14.493017 [debug] [MainThread]: running dbt with arguments {'printer_width': '80', 'indirect_selection': 'eager', 'log_cache_events': 'False', 'write_json': 'True', 'partial_parse': 'True', 'cache_selected_only': 'False', 'profiles_dir': '/home/prasannak/.dbt', 'version_check': 'True', 'warn_error': 'None', 'log_path': '/home/prasannak/Documents/dbt_project/dbt_project/logs', 'debug': 'False', 'fail_fast': 'False', 'use_colors': 'True', 'use_experimental_parser': 'False', 'empty': 'None', 'quiet': 'False', 'no_print': 'None', 'warn_error_options': 'WarnErrorOptions(include=[], exclude=[])', 'static_parser': 'True', 'invocation_command': 'dbt ', 'introspect': 'True', 'target_path': 'None', 'log_format': 'default', 'send_anonymous_usage_stats': 'True'}
[0m15:12:14.603633 [debug] [MainThread]: Sending event: {'category': 'dbt', 'action': 'project_id', 'label': '273cb8a0-fa92-4204-94e4-37b0a731e0f3', 'context': [<snowplow_tracker.self_describing_json.SelfDescribingJson object at 0x7bf61364af50>]}
[0m15:12:14.611635 [info ] [MainThread]: Warning: No packages were found in packages.yml
[0m15:12:14.612685 [info ] [MainThread]: Warning: No packages were found in packages.yml
[0m15:12:14.613735 [debug] [MainThread]: Sending event: {'category': 'dbt', 'action': 'invocation', 'label': 'end', 'context': [<snowplow_tracker.self_describing_json.SelfDescribingJson object at 0x7bf61506d8a0>, <snowplow_tracker.self_describing_json.SelfDescribingJson object at 0x7bf6134f3220>, <snowplow_tracker.self_describing_json.SelfDescribingJson object at 0x7bf613530a00>]}
[0m15:12:14.614143 [debug] [MainThread]: Flushing usage events
[0m15:17:08.899027 [debug] [MainThread]: Sending event: {'category': 'dbt', 'action': 'invocation', 'label': 'start', 'context': [<snowplow_tracker.self_describing_json.SelfDescribingJson object at 0x71740096d930>, <snowplow_tracker.self_describing_json.SelfDescribingJson object at 0x7173fee7b5b0>, <snowplow_tracker.self_describing_json.SelfDescribingJson object at 0x7173fee7a440>]}


============================== 15:17:08.901197 | 58d17b55-7479-4d18-8d75-70ba06724ddb ==============================
[0m15:17:08.901197 [info ] [MainThread]: Running with dbt=1.8.8
[0m15:17:08.901677 [debug] [MainThread]: running dbt with arguments {'printer_width': '80', 'indirect_selection': 'eager', 'write_json': 'True', 'log_cache_events': 'False', 'partial_parse': 'True', 'cache_selected_only': 'False', 'warn_error': 'None', 'version_check': 'True', 'debug': 'False', 'log_path': '/home/prasannak/Documents/dbt_project/dbt_project/logs', 'profiles_dir': '/home/prasannak/.dbt', 'fail_fast': 'False', 'use_colors': 'True', 'use_experimental_parser': 'False', 'empty': 'None', 'quiet': 'False', 'no_print': 'None', 'log_format': 'default', 'static_parser': 'True', 'warn_error_options': 'WarnErrorOptions(include=[], exclude=[])', 'introspect': 'True', 'target_path': 'None', 'invocation_command': 'dbt ', 'send_anonymous_usage_stats': 'True'}
[0m15:17:09.006805 [debug] [MainThread]: Sending event: {'category': 'dbt', 'action': 'project_id', 'label': '58d17b55-7479-4d18-8d75-70ba06724ddb', 'context': [<snowplow_tracker.self_describing_json.SelfDescribingJson object at 0x7173fef4af80>]}
[0m15:17:09.014187 [info ] [MainThread]: Warning: No packages were found in packages.yml
[0m15:17:09.015068 [info ] [MainThread]: Warning: No packages were found in packages.yml
[0m15:17:09.016047 [debug] [MainThread]: Sending event: {'category': 'dbt', 'action': 'invocation', 'label': 'end', 'context': [<snowplow_tracker.self_describing_json.SelfDescribingJson object at 0x71740096d930>, <snowplow_tracker.self_describing_json.SelfDescribingJson object at 0x7173fedf32b0>, <snowplow_tracker.self_describing_json.SelfDescribingJson object at 0x7173fee30a90>]}
[0m15:17:09.016485 [debug] [MainThread]: Flushing usage events
[0m15:24:56.043587 [debug] [MainThread]: Sending event: {'category': 'dbt', 'action': 'invocation', 'label': 'start', 'context': [<snowplow_tracker.self_describing_json.SelfDescribingJson object at 0x7f63421b59f0>, <snowplow_tracker.self_describing_json.SelfDescribingJson object at 0x7f6340877eb0>, <snowplow_tracker.self_describing_json.SelfDescribingJson object at 0x7f6340877d90>]}


============================== 15:24:56.045803 | 20647aff-a527-4844-9985-b889fd8791ff ==============================
[0m15:24:56.045803 [info ] [MainThread]: Running with dbt=1.8.8
[0m15:24:56.046328 [debug] [MainThread]: running dbt with arguments {'printer_width': '80', 'indirect_selection': 'eager', 'log_cache_events': 'False', 'write_json': 'True', 'partial_parse': 'True', 'cache_selected_only': 'False', 'profiles_dir': '/home/prasannak/.dbt', 'fail_fast': 'False', 'debug': 'False', 'log_path': '/home/prasannak/Documents/dbt_project/dbt_project/logs', 'warn_error': 'None', 'version_check': 'True', 'use_colors': 'True', 'use_experimental_parser': 'False', 'empty': 'None', 'quiet': 'False', 'no_print': 'None', 'log_format': 'default', 'introspect': 'True', 'static_parser': 'True', 'invocation_command': 'dbt ', 'target_path': 'None', 'warn_error_options': 'WarnErrorOptions(include=[], exclude=[])', 'send_anonymous_usage_stats': 'True'}
[0m15:24:56.154895 [debug] [MainThread]: Sending event: {'category': 'dbt', 'action': 'project_id', 'label': '20647aff-a527-4844-9985-b889fd8791ff', 'context': [<snowplow_tracker.self_describing_json.SelfDescribingJson object at 0x7f63408752a0>]}
[0m15:24:56.163157 [info ] [MainThread]: Warning: No packages were found in packages.yml
[0m15:24:56.164170 [info ] [MainThread]: Warning: No packages were found in packages.yml
[0m15:24:56.165209 [debug] [MainThread]: Sending event: {'category': 'dbt', 'action': 'invocation', 'label': 'end', 'context': [<snowplow_tracker.self_describing_json.SelfDescribingJson object at 0x7f63421b59f0>, <snowplow_tracker.self_describing_json.SelfDescribingJson object at 0x7f6340633370>, <snowplow_tracker.self_describing_json.SelfDescribingJson object at 0x7f634066cb50>]}
[0m15:24:56.165633 [debug] [MainThread]: Flushing usage events
[0m15:28:48.802904 [debug] [MainThread]: Sending event: {'category': 'dbt', 'action': 'invocation', 'label': 'start', 'context': [<snowplow_tracker.self_describing_json.SelfDescribingJson object at 0x70d352d6d9f0>, <snowplow_tracker.self_describing_json.SelfDescribingJson object at 0x70d3513fbb20>, <snowplow_tracker.self_describing_json.SelfDescribingJson object at 0x70d3518e8190>]}


============================== 15:28:48.805214 | d90c0daa-7ad6-4051-8651-4847c0d349bd ==============================
[0m15:28:48.805214 [info ] [MainThread]: Running with dbt=1.8.8
[0m15:28:48.805796 [debug] [MainThread]: running dbt with arguments {'printer_width': '80', 'indirect_selection': 'eager', 'log_cache_events': 'False', 'write_json': 'True', 'partial_parse': 'True', 'cache_selected_only': 'False', 'warn_error': 'None', 'version_check': 'True', 'debug': 'False', 'log_path': '/home/prasannak/Documents/dbt_project/dbt_project/logs', 'profiles_dir': '/home/prasannak/.dbt', 'fail_fast': 'False', 'use_colors': 'True', 'use_experimental_parser': 'False', 'no_print': 'None', 'quiet': 'False', 'empty': 'None', 'log_format': 'default', 'introspect': 'True', 'warn_error_options': 'WarnErrorOptions(include=[], exclude=[])', 'invocation_command': 'dbt ', 'target_path': 'None', 'static_parser': 'True', 'send_anonymous_usage_stats': 'True'}
[0m15:28:48.809531 [info ] [MainThread]: Error importing adapter: No module named 'dbt.adapters.postgres'
[0m15:28:48.810190 [error] [MainThread]: Encountered an error:
Runtime Error
  Credentials in profile "dbt_project", target "dev" invalid: Runtime Error
    Could not find adapter type postgres!
[0m15:28:48.811129 [debug] [MainThread]: Sending event: {'category': 'dbt', 'action': 'invocation', 'label': 'end', 'context': [<snowplow_tracker.self_describing_json.SelfDescribingJson object at 0x70d352d6d9f0>, <snowplow_tracker.self_describing_json.SelfDescribingJson object at 0x70d3512c2a40>, <snowplow_tracker.self_describing_json.SelfDescribingJson object at 0x70d3512c37f0>]}
[0m15:28:48.811615 [debug] [MainThread]: Flushing usage events
[0m15:48:29.188738 [debug] [MainThread]: Sending event: {'category': 'dbt', 'action': 'invocation', 'label': 'start', 'context': [<snowplow_tracker.self_describing_json.SelfDescribingJson object at 0x7a7640b6da20>, <snowplow_tracker.self_describing_json.SelfDescribingJson object at 0x7a763f070a00>, <snowplow_tracker.self_describing_json.SelfDescribingJson object at 0x7a763f073f70>]}


============================== 15:48:29.191213 | f309a856-1a6e-4eb0-a7c7-338adda140e5 ==============================
[0m15:48:29.191213 [info ] [MainThread]: Running with dbt=1.8.8
[0m15:48:29.191722 [debug] [MainThread]: running dbt with arguments {'printer_width': '80', 'indirect_selection': 'eager', 'log_cache_events': 'False', 'write_json': 'True', 'partial_parse': 'True', 'cache_selected_only': 'False', 'profiles_dir': '/home/prasannak/.dbt', 'fail_fast': 'False', 'version_check': 'True', 'log_path': '/home/prasannak/Documents/dbt_project/dbt_project/logs', 'debug': 'False', 'warn_error': 'None', 'use_colors': 'True', 'use_experimental_parser': 'False', 'empty': 'None', 'quiet': 'False', 'no_print': 'None', 'log_format': 'default', 'invocation_command': 'dbt ', 'static_parser': 'True', 'introspect': 'True', 'target_path': 'None', 'warn_error_options': 'WarnErrorOptions(include=[], exclude=[])', 'send_anonymous_usage_stats': 'True'}
[0m15:48:29.304908 [debug] [MainThread]: Sending event: {'category': 'dbt', 'action': 'project_id', 'label': 'f309a856-1a6e-4eb0-a7c7-338adda140e5', 'context': [<snowplow_tracker.self_describing_json.SelfDescribingJson object at 0x7a763ef53d60>]}
[0m15:48:29.312931 [info ] [MainThread]: Created packages.yml
[0m15:48:29.320740 [info ] [MainThread]: Added new package dbt-labs/codegen@0.12.1 to /home/prasannak/Documents/dbt_project/dbt_project/packages.yml
[0m15:48:29.321887 [debug] [MainThread]: Set downloads directory='/tmp/dbt-downloads-ls9liz45'
[0m15:48:29.322563 [debug] [MainThread]: Making package index registry request: GET https://hub.getdbt.com/api/v1/index.json
[0m15:48:29.940201 [debug] [MainThread]: Response from registry index: GET https://hub.getdbt.com/api/v1/index.json 200
[0m15:48:29.940882 [debug] [MainThread]: Making package registry request: GET https://hub.getdbt.com/api/v1/dbt-labs/codegen.json
[0m15:48:30.691978 [debug] [MainThread]: Response from registry: GET https://hub.getdbt.com/api/v1/dbt-labs/codegen.json 200
[0m15:48:30.704018 [debug] [MainThread]: Making package registry request: GET https://hub.getdbt.com/api/v1/dbt-labs/dbt_utils.json
[0m15:48:31.189219 [debug] [MainThread]: Response from registry: GET https://hub.getdbt.com/api/v1/dbt-labs/dbt_utils.json 200
[0m15:48:31.208213 [info ] [MainThread]: Updating lock file in file path: /home/prasannak/Documents/dbt_project/dbt_project/package-lock.yml
[0m15:48:31.211582 [debug] [MainThread]: Set downloads directory='/tmp/dbt-downloads-bsdm304j'
[0m15:48:31.216352 [info ] [MainThread]: Installing dbt-labs/codegen
[0m15:48:31.923151 [info ] [MainThread]: Installed from version 0.12.1
[0m15:48:31.923588 [info ] [MainThread]: Updated version available: 0.13.1
[0m15:48:31.923962 [debug] [MainThread]: Sending event: {'category': 'dbt', 'action': 'package', 'label': 'f309a856-1a6e-4eb0-a7c7-338adda140e5', 'property_': 'install', 'context': [<snowplow_tracker.self_describing_json.SelfDescribingJson object at 0x7a763ee59540>, <snowplow_tracker.self_describing_json.SelfDescribingJson object at 0x7a763ee59e10>]}
[0m15:48:31.924394 [info ] [MainThread]: Installing dbt-labs/dbt_utils
[0m15:48:32.973071 [info ] [MainThread]: Installed from version 1.3.0
[0m15:48:32.973539 [info ] [MainThread]: Up to date!
[0m15:48:32.973902 [debug] [MainThread]: Sending event: {'category': 'dbt', 'action': 'package', 'label': 'f309a856-1a6e-4eb0-a7c7-338adda140e5', 'property_': 'install', 'context': [<snowplow_tracker.self_describing_json.SelfDescribingJson object at 0x7a763ee5ab30>, <snowplow_tracker.self_describing_json.SelfDescribingJson object at 0x7a763ee594e0>]}
[0m15:48:32.974273 [info ] [MainThread]: 
[0m15:48:32.974561 [info ] [MainThread]: Updates available for packages: ['dbt-labs/codegen']                 
Update your versions in packages.yml, then run dbt deps
[0m15:48:32.975438 [debug] [MainThread]: Sending event: {'category': 'dbt', 'action': 'invocation', 'label': 'end', 'context': [<snowplow_tracker.self_describing_json.SelfDescribingJson object at 0x7a7640b6da20>, <snowplow_tracker.self_describing_json.SelfDescribingJson object at 0x7a763ee59e10>, <snowplow_tracker.self_describing_json.SelfDescribingJson object at 0x7a763ee58490>]}
[0m15:48:32.975815 [debug] [MainThread]: Flushing usage events
[0m15:48:36.212647 [debug] [MainThread]: Sending event: {'category': 'dbt', 'action': 'invocation', 'label': 'start', 'context': [<snowplow_tracker.self_describing_json.SelfDescribingJson object at 0x70fb3a0b5a20>, <snowplow_tracker.self_describing_json.SelfDescribingJson object at 0x70fb38770400>, <snowplow_tracker.self_describing_json.SelfDescribingJson object at 0x70fb387718a0>]}


============================== 15:48:36.215910 | 426e9016-42a1-4967-98e5-f331c53729d2 ==============================
[0m15:48:36.215910 [info ] [MainThread]: Running with dbt=1.8.8
[0m15:48:36.216625 [debug] [MainThread]: running dbt with arguments {'printer_width': '80', 'indirect_selection': 'eager', 'write_json': 'True', 'log_cache_events': 'False', 'partial_parse': 'True', 'cache_selected_only': 'False', 'profiles_dir': '/home/prasannak/.dbt', 'fail_fast': 'False', 'debug': 'False', 'log_path': '/home/prasannak/Documents/dbt_project/dbt_project/logs', 'version_check': 'True', 'warn_error': 'None', 'use_colors': 'True', 'use_experimental_parser': 'False', 'no_print': 'None', 'quiet': 'False', 'empty': 'None', 'warn_error_options': 'WarnErrorOptions(include=[], exclude=[])', 'invocation_command': 'dbt ', 'static_parser': 'True', 'log_format': 'default', 'target_path': 'None', 'introspect': 'True', 'send_anonymous_usage_stats': 'True'}
[0m15:48:36.337722 [debug] [MainThread]: Sending event: {'category': 'dbt', 'action': 'project_id', 'label': '426e9016-42a1-4967-98e5-f331c53729d2', 'context': [<snowplow_tracker.self_describing_json.SelfDescribingJson object at 0x70fb387700a0>]}
[0m15:48:36.348730 [debug] [MainThread]: Set downloads directory='/tmp/dbt-downloads-1dwnkrw3'
[0m15:48:36.349503 [debug] [MainThread]: Making package index registry request: GET https://hub.getdbt.com/api/v1/index.json
[0m15:48:36.862809 [debug] [MainThread]: Response from registry index: GET https://hub.getdbt.com/api/v1/index.json 200
[0m15:48:36.864932 [debug] [MainThread]: Making package registry request: GET https://hub.getdbt.com/api/v1/dbt-labs/codegen.json
[0m15:48:37.171620 [debug] [MainThread]: Response from registry: GET https://hub.getdbt.com/api/v1/dbt-labs/codegen.json 200
[0m15:48:37.176077 [debug] [MainThread]: Making package registry request: GET https://hub.getdbt.com/api/v1/dbt-labs/dbt_utils.json
[0m15:48:37.962335 [debug] [MainThread]: Response from registry: GET https://hub.getdbt.com/api/v1/dbt-labs/dbt_utils.json 200
[0m15:48:37.979493 [info ] [MainThread]: Updating lock file in file path: /home/prasannak/Documents/dbt_project/dbt_project/package-lock.yml
[0m15:48:37.987842 [debug] [MainThread]: Set downloads directory='/tmp/dbt-downloads-2ttyfmjr'
[0m15:48:37.992189 [info ] [MainThread]: Installing dbt-labs/codegen
[0m15:48:38.722475 [info ] [MainThread]: Installed from version 0.12.1
[0m15:48:38.722934 [info ] [MainThread]: Updated version available: 0.13.1
[0m15:48:38.723416 [debug] [MainThread]: Sending event: {'category': 'dbt', 'action': 'package', 'label': '426e9016-42a1-4967-98e5-f331c53729d2', 'property_': 'install', 'context': [<snowplow_tracker.self_describing_json.SelfDescribingJson object at 0x70fb39a68310>, <snowplow_tracker.self_describing_json.SelfDescribingJson object at 0x70fb39a97940>]}
[0m15:48:38.723948 [info ] [MainThread]: Installing dbt-labs/dbt_utils
[0m15:48:39.837451 [info ] [MainThread]: Installed from version 1.3.0
[0m15:48:39.838010 [info ] [MainThread]: Up to date!
[0m15:48:39.838399 [debug] [MainThread]: Sending event: {'category': 'dbt', 'action': 'package', 'label': '426e9016-42a1-4967-98e5-f331c53729d2', 'property_': 'install', 'context': [<snowplow_tracker.self_describing_json.SelfDescribingJson object at 0x70fb39a68310>, <snowplow_tracker.self_describing_json.SelfDescribingJson object at 0x70fb383db4c0>]}
[0m15:48:39.838756 [info ] [MainThread]: 
[0m15:48:39.839054 [info ] [MainThread]: Updates available for packages: ['dbt-labs/codegen']                 
Update your versions in packages.yml, then run dbt deps
[0m15:48:39.839940 [debug] [MainThread]: Sending event: {'category': 'dbt', 'action': 'invocation', 'label': 'end', 'context': [<snowplow_tracker.self_describing_json.SelfDescribingJson object at 0x70fb3a0b5a20>, <snowplow_tracker.self_describing_json.SelfDescribingJson object at 0x70fb39a97940>, <snowplow_tracker.self_describing_json.SelfDescribingJson object at 0x70fb39aa3fa0>]}
[0m15:48:39.840329 [debug] [MainThread]: Flushing usage events
[0m15:49:00.798165 [debug] [MainThread]: Sending event: {'category': 'dbt', 'action': 'invocation', 'label': 'start', 'context': [<snowplow_tracker.self_describing_json.SelfDescribingJson object at 0x75b13e5ad9c0>, <snowplow_tracker.self_describing_json.SelfDescribingJson object at 0x75b13cca69b0>, <snowplow_tracker.self_describing_json.SelfDescribingJson object at 0x75b13df89960>]}


============================== 15:49:00.801595 | 8e929b2c-156c-4e39-bd1e-ec1e2eb18256 ==============================
[0m15:49:00.801595 [info ] [MainThread]: Running with dbt=1.8.8
[0m15:49:00.802092 [debug] [MainThread]: running dbt with arguments {'printer_width': '80', 'indirect_selection': 'eager', 'write_json': 'True', 'log_cache_events': 'False', 'partial_parse': 'True', 'cache_selected_only': 'False', 'profiles_dir': '/home/prasannak/.dbt', 'fail_fast': 'False', 'version_check': 'True', 'log_path': '/home/prasannak/Documents/dbt_project/dbt_project/logs', 'warn_error': 'None', 'debug': 'False', 'use_colors': 'True', 'use_experimental_parser': 'False', 'empty': 'None', 'quiet': 'False', 'no_print': 'None', 'log_format': 'default', 'introspect': 'True', 'static_parser': 'True', 'invocation_command': 'dbt ', 'target_path': 'None', 'warn_error_options': 'WarnErrorOptions(include=[], exclude=[])', 'send_anonymous_usage_stats': 'True'}
[0m15:49:00.919637 [debug] [MainThread]: Sending event: {'category': 'dbt', 'action': 'project_id', 'label': '8e929b2c-156c-4e39-bd1e-ec1e2eb18256', 'context': [<snowplow_tracker.self_describing_json.SelfDescribingJson object at 0x75b13cd006a0>]}
[0m15:49:00.928048 [info ] [MainThread]: Found duplicate package in packages.yml, removing: {'version': '0.12.1', 'package': 'dbt-labs/codegen'}
[0m15:49:00.929370 [info ] [MainThread]: Added new package dbt-labs/codegen@0.12.1 to /home/prasannak/Documents/dbt_project/dbt_project/packages.yml
[0m15:49:00.935010 [debug] [MainThread]: Set downloads directory='/tmp/dbt-downloads-kfs0n40k'
[0m15:49:00.935665 [debug] [MainThread]: Making package index registry request: GET https://hub.getdbt.com/api/v1/index.json
[0m15:49:01.232560 [debug] [MainThread]: Response from registry index: GET https://hub.getdbt.com/api/v1/index.json 200
[0m15:49:01.234926 [debug] [MainThread]: Making package registry request: GET https://hub.getdbt.com/api/v1/dbt-labs/codegen.json
[0m15:49:01.536768 [debug] [MainThread]: Response from registry: GET https://hub.getdbt.com/api/v1/dbt-labs/codegen.json 200
[0m15:49:01.542046 [debug] [MainThread]: Making package registry request: GET https://hub.getdbt.com/api/v1/dbt-labs/dbt_utils.json
[0m15:49:01.850277 [debug] [MainThread]: Response from registry: GET https://hub.getdbt.com/api/v1/dbt-labs/dbt_utils.json 200
[0m15:49:01.859349 [info ] [MainThread]: Updating lock file in file path: /home/prasannak/Documents/dbt_project/dbt_project/package-lock.yml
[0m15:49:01.872352 [debug] [MainThread]: Set downloads directory='/tmp/dbt-downloads-bo9cp5le'
[0m15:49:01.879584 [info ] [MainThread]: Installing dbt-labs/codegen
[0m15:49:02.602720 [info ] [MainThread]: Installed from version 0.12.1
[0m15:49:02.603289 [info ] [MainThread]: Updated version available: 0.13.1
[0m15:49:02.603745 [debug] [MainThread]: Sending event: {'category': 'dbt', 'action': 'package', 'label': '8e929b2c-156c-4e39-bd1e-ec1e2eb18256', 'property_': 'install', 'context': [<snowplow_tracker.self_describing_json.SelfDescribingJson object at 0x75b13df5de10>, <snowplow_tracker.self_describing_json.SelfDescribingJson object at 0x75b13c8e3dc0>]}
[0m15:49:02.604185 [info ] [MainThread]: Installing dbt-labs/dbt_utils
[0m15:49:03.674600 [info ] [MainThread]: Installed from version 1.3.0
[0m15:49:03.675061 [info ] [MainThread]: Up to date!
[0m15:49:03.675493 [debug] [MainThread]: Sending event: {'category': 'dbt', 'action': 'package', 'label': '8e929b2c-156c-4e39-bd1e-ec1e2eb18256', 'property_': 'install', 'context': [<snowplow_tracker.self_describing_json.SelfDescribingJson object at 0x75b13df5de10>, <snowplow_tracker.self_describing_json.SelfDescribingJson object at 0x75b13c8e2fe0>]}
[0m15:49:03.675879 [info ] [MainThread]: 
[0m15:49:03.676218 [info ] [MainThread]: Updates available for packages: ['dbt-labs/codegen']                 
Update your versions in packages.yml, then run dbt deps
[0m15:49:03.677264 [debug] [MainThread]: Sending event: {'category': 'dbt', 'action': 'invocation', 'label': 'end', 'context': [<snowplow_tracker.self_describing_json.SelfDescribingJson object at 0x75b13e5ad9c0>, <snowplow_tracker.self_describing_json.SelfDescribingJson object at 0x75b13df8b280>, <snowplow_tracker.self_describing_json.SelfDescribingJson object at 0x75b13c8e3910>]}
[0m15:49:03.677672 [debug] [MainThread]: Flushing usage events
[0m15:49:06.712370 [debug] [MainThread]: Sending event: {'category': 'dbt', 'action': 'invocation', 'label': 'start', 'context': [<snowplow_tracker.self_describing_json.SelfDescribingJson object at 0x7aaf57ab5a20>, <snowplow_tracker.self_describing_json.SelfDescribingJson object at 0x7aaf561aaaa0>, <snowplow_tracker.self_describing_json.SelfDescribingJson object at 0x7aaf561aba00>]}


============================== 15:49:06.715251 | 85d92861-2d5c-4463-b7aa-4f4b39d9bdcb ==============================
[0m15:49:06.715251 [info ] [MainThread]: Running with dbt=1.8.8
[0m15:49:06.715819 [debug] [MainThread]: running dbt with arguments {'printer_width': '80', 'indirect_selection': 'eager', 'write_json': 'True', 'log_cache_events': 'False', 'partial_parse': 'True', 'cache_selected_only': 'False', 'warn_error': 'None', 'debug': 'False', 'version_check': 'True', 'log_path': '/home/prasannak/Documents/dbt_project/dbt_project/logs', 'fail_fast': 'False', 'profiles_dir': '/home/prasannak/.dbt', 'use_colors': 'True', 'use_experimental_parser': 'False', 'no_print': 'None', 'quiet': 'False', 'empty': 'None', 'log_format': 'default', 'invocation_command': 'dbt ', 'introspect': 'True', 'static_parser': 'True', 'target_path': 'None', 'warn_error_options': 'WarnErrorOptions(include=[], exclude=[])', 'send_anonymous_usage_stats': 'True'}
[0m15:49:06.830933 [debug] [MainThread]: Sending event: {'category': 'dbt', 'action': 'project_id', 'label': '85d92861-2d5c-4463-b7aa-4f4b39d9bdcb', 'context': [<snowplow_tracker.self_describing_json.SelfDescribingJson object at 0x7aaf5608bb20>]}
[0m15:49:06.841529 [debug] [MainThread]: Set downloads directory='/tmp/dbt-downloads-crigvq32'
[0m15:49:06.842059 [debug] [MainThread]: Making package index registry request: GET https://hub.getdbt.com/api/v1/index.json
[0m15:49:07.452645 [debug] [MainThread]: Response from registry index: GET https://hub.getdbt.com/api/v1/index.json 200
[0m15:49:07.453378 [debug] [MainThread]: Making package registry request: GET https://hub.getdbt.com/api/v1/dbt-labs/codegen.json
[0m15:49:07.796852 [debug] [MainThread]: Response from registry: GET https://hub.getdbt.com/api/v1/dbt-labs/codegen.json 200
[0m15:49:07.808871 [debug] [MainThread]: Making package registry request: GET https://hub.getdbt.com/api/v1/dbt-labs/dbt_utils.json
[0m15:49:08.108476 [debug] [MainThread]: Response from registry: GET https://hub.getdbt.com/api/v1/dbt-labs/dbt_utils.json 200
[0m15:49:08.126090 [info ] [MainThread]: Updating lock file in file path: /home/prasannak/Documents/dbt_project/dbt_project/package-lock.yml
[0m15:49:08.135202 [debug] [MainThread]: Set downloads directory='/tmp/dbt-downloads-3nnfw3hv'
[0m15:49:08.139465 [info ] [MainThread]: Installing dbt-labs/codegen
[0m15:49:08.874540 [info ] [MainThread]: Installed from version 0.12.1
[0m15:49:08.875008 [info ] [MainThread]: Updated version available: 0.13.1
[0m15:49:08.875460 [debug] [MainThread]: Sending event: {'category': 'dbt', 'action': 'package', 'label': '85d92861-2d5c-4463-b7aa-4f4b39d9bdcb', 'property_': 'install', 'context': [<snowplow_tracker.self_describing_json.SelfDescribingJson object at 0x7aaf57464310>, <snowplow_tracker.self_describing_json.SelfDescribingJson object at 0x7aaf57493940>]}
[0m15:49:08.875880 [info ] [MainThread]: Installing dbt-labs/dbt_utils
[0m15:49:10.140450 [info ] [MainThread]: Installed from version 1.3.0
[0m15:49:10.140946 [info ] [MainThread]: Up to date!
[0m15:49:10.141554 [debug] [MainThread]: Sending event: {'category': 'dbt', 'action': 'package', 'label': '85d92861-2d5c-4463-b7aa-4f4b39d9bdcb', 'property_': 'install', 'context': [<snowplow_tracker.self_describing_json.SelfDescribingJson object at 0x7aaf57464310>, <snowplow_tracker.self_describing_json.SelfDescribingJson object at 0x7aaf55ddb4c0>]}
[0m15:49:10.141963 [info ] [MainThread]: 
[0m15:49:10.142287 [info ] [MainThread]: Updates available for packages: ['dbt-labs/codegen']                 
Update your versions in packages.yml, then run dbt deps
[0m15:49:10.143219 [debug] [MainThread]: Sending event: {'category': 'dbt', 'action': 'invocation', 'label': 'end', 'context': [<snowplow_tracker.self_describing_json.SelfDescribingJson object at 0x7aaf57ab5a20>, <snowplow_tracker.self_describing_json.SelfDescribingJson object at 0x7aaf57493940>, <snowplow_tracker.self_describing_json.SelfDescribingJson object at 0x7aaf55ddb580>]}
[0m15:49:10.143642 [debug] [MainThread]: Flushing usage events
[0m15:49:35.362626 [debug] [MainThread]: Sending event: {'category': 'dbt', 'action': 'invocation', 'label': 'start', 'context': [<snowplow_tracker.self_describing_json.SelfDescribingJson object at 0x72e9152b59c0>, <snowplow_tracker.self_describing_json.SelfDescribingJson object at 0x72e9139aa9b0>, <snowplow_tracker.self_describing_json.SelfDescribingJson object at 0x72e914c91960>]}


============================== 15:49:35.366140 | 89ca6089-f750-4fa1-94b1-9eb88502a541 ==============================
[0m15:49:35.366140 [info ] [MainThread]: Running with dbt=1.8.8
[0m15:49:35.366913 [debug] [MainThread]: running dbt with arguments {'printer_width': '80', 'indirect_selection': 'eager', 'write_json': 'True', 'log_cache_events': 'False', 'partial_parse': 'True', 'cache_selected_only': 'False', 'profiles_dir': '/home/prasannak/.dbt', 'version_check': 'True', 'debug': 'False', 'log_path': '/home/prasannak/Documents/dbt_project/dbt_project/logs', 'fail_fast': 'False', 'warn_error': 'None', 'use_colors': 'True', 'use_experimental_parser': 'False', 'empty': 'None', 'quiet': 'False', 'no_print': 'None', 'log_format': 'default', 'introspect': 'True', 'warn_error_options': 'WarnErrorOptions(include=[], exclude=[])', 'static_parser': 'True', 'target_path': 'None', 'invocation_command': 'dbt ', 'send_anonymous_usage_stats': 'True'}
[0m15:49:35.491464 [debug] [MainThread]: Sending event: {'category': 'dbt', 'action': 'project_id', 'label': '89ca6089-f750-4fa1-94b1-9eb88502a541', 'context': [<snowplow_tracker.self_describing_json.SelfDescribingJson object at 0x72e913a086a0>]}
[0m15:49:35.502073 [info ] [MainThread]: Found duplicate package in packages.yml, removing: {'version': '0.12.1', 'package': 'dbt-labs/codegen'}
[0m15:49:35.503455 [info ] [MainThread]: Added new package dbt-labs/codegen@0.12.1 to /home/prasannak/Documents/dbt_project/dbt_project/packages.yml
[0m15:49:35.506069 [debug] [MainThread]: Set downloads directory='/tmp/dbt-downloads-o_yu_wss'
[0m15:49:35.506677 [debug] [MainThread]: Making package index registry request: GET https://hub.getdbt.com/api/v1/index.json
[0m15:49:36.025426 [debug] [MainThread]: Response from registry index: GET https://hub.getdbt.com/api/v1/index.json 200
[0m15:49:36.026292 [debug] [MainThread]: Making package registry request: GET https://hub.getdbt.com/api/v1/dbt-labs/codegen.json
[0m15:49:36.841683 [debug] [MainThread]: Response from registry: GET https://hub.getdbt.com/api/v1/dbt-labs/codegen.json 200
[0m15:49:36.847473 [debug] [MainThread]: Making package registry request: GET https://hub.getdbt.com/api/v1/dbt-labs/dbt_utils.json
[0m15:49:37.661547 [debug] [MainThread]: Response from registry: GET https://hub.getdbt.com/api/v1/dbt-labs/dbt_utils.json 200
[0m15:49:37.671148 [info ] [MainThread]: Updating lock file in file path: /home/prasannak/Documents/dbt_project/dbt_project/package-lock.yml
[0m15:49:37.678622 [debug] [MainThread]: Set downloads directory='/tmp/dbt-downloads-5uea7ncg'
[0m15:49:37.683484 [info ] [MainThread]: Installing dbt-labs/codegen
[0m15:49:38.496361 [info ] [MainThread]: Installed from version 0.12.1
[0m15:49:38.497191 [info ] [MainThread]: Updated version available: 0.13.1
[0m15:49:38.497841 [debug] [MainThread]: Sending event: {'category': 'dbt', 'action': 'package', 'label': '89ca6089-f750-4fa1-94b1-9eb88502a541', 'property_': 'install', 'context': [<snowplow_tracker.self_describing_json.SelfDescribingJson object at 0x72e914c65e10>, <snowplow_tracker.self_describing_json.SelfDescribingJson object at 0x72e9135efdc0>]}
[0m15:49:38.498245 [info ] [MainThread]: Installing dbt-labs/dbt_utils
[0m15:49:39.587256 [info ] [MainThread]: Installed from version 1.3.0
[0m15:49:39.587925 [info ] [MainThread]: Up to date!
[0m15:49:39.588466 [debug] [MainThread]: Sending event: {'category': 'dbt', 'action': 'package', 'label': '89ca6089-f750-4fa1-94b1-9eb88502a541', 'property_': 'install', 'context': [<snowplow_tracker.self_describing_json.SelfDescribingJson object at 0x72e914c65e10>, <snowplow_tracker.self_describing_json.SelfDescribingJson object at 0x72e9135ef010>]}
[0m15:49:39.588948 [info ] [MainThread]: 
[0m15:49:39.589373 [info ] [MainThread]: Updates available for packages: ['dbt-labs/codegen']                 
Update your versions in packages.yml, then run dbt deps
[0m15:49:39.590624 [debug] [MainThread]: Sending event: {'category': 'dbt', 'action': 'invocation', 'label': 'end', 'context': [<snowplow_tracker.self_describing_json.SelfDescribingJson object at 0x72e9152b59c0>, <snowplow_tracker.self_describing_json.SelfDescribingJson object at 0x72e914c93280>, <snowplow_tracker.self_describing_json.SelfDescribingJson object at 0x72e9135ef910>]}
[0m15:49:39.591155 [debug] [MainThread]: Flushing usage events
[0m15:49:42.854379 [debug] [MainThread]: Sending event: {'category': 'dbt', 'action': 'invocation', 'label': 'start', 'context': [<snowplow_tracker.self_describing_json.SelfDescribingJson object at 0x73efefe419f0>, <snowplow_tracker.self_describing_json.SelfDescribingJson object at 0x73efee4fc400>, <snowplow_tracker.self_describing_json.SelfDescribingJson object at 0x73efee4fd8a0>]}


============================== 15:49:42.856745 | 2d52f569-8785-4a31-8111-8a96010d274b ==============================
[0m15:49:42.856745 [info ] [MainThread]: Running with dbt=1.8.8
[0m15:49:42.857336 [debug] [MainThread]: running dbt with arguments {'printer_width': '80', 'indirect_selection': 'eager', 'write_json': 'True', 'log_cache_events': 'False', 'partial_parse': 'True', 'cache_selected_only': 'False', 'profiles_dir': '/home/prasannak/.dbt', 'fail_fast': 'False', 'debug': 'False', 'log_path': '/home/prasannak/Documents/dbt_project/dbt_project/logs', 'version_check': 'True', 'warn_error': 'None', 'use_colors': 'True', 'use_experimental_parser': 'False', 'empty': 'None', 'quiet': 'False', 'no_print': 'None', 'log_format': 'default', 'introspect': 'True', 'static_parser': 'True', 'warn_error_options': 'WarnErrorOptions(include=[], exclude=[])', 'target_path': 'None', 'invocation_command': 'dbt ', 'send_anonymous_usage_stats': 'True'}
[0m15:49:42.983091 [debug] [MainThread]: Sending event: {'category': 'dbt', 'action': 'project_id', 'label': '2d52f569-8785-4a31-8111-8a96010d274b', 'context': [<snowplow_tracker.self_describing_json.SelfDescribingJson object at 0x73efee4fc0a0>]}
[0m15:49:42.993797 [debug] [MainThread]: Set downloads directory='/tmp/dbt-downloads-2zesijgh'
[0m15:49:42.994345 [debug] [MainThread]: Making package index registry request: GET https://hub.getdbt.com/api/v1/index.json
[0m15:49:43.731447 [debug] [MainThread]: Response from registry index: GET https://hub.getdbt.com/api/v1/index.json 200
[0m15:49:43.732297 [debug] [MainThread]: Making package registry request: GET https://hub.getdbt.com/api/v1/dbt-labs/codegen.json
[0m15:49:44.040618 [debug] [MainThread]: Response from registry: GET https://hub.getdbt.com/api/v1/dbt-labs/codegen.json 200
[0m15:49:44.051996 [debug] [MainThread]: Making package registry request: GET https://hub.getdbt.com/api/v1/dbt-labs/dbt_utils.json
[0m15:49:44.419495 [debug] [MainThread]: Response from registry: GET https://hub.getdbt.com/api/v1/dbt-labs/dbt_utils.json 200
[0m15:49:44.428625 [info ] [MainThread]: Updating lock file in file path: /home/prasannak/Documents/dbt_project/dbt_project/package-lock.yml
[0m15:49:44.439358 [debug] [MainThread]: Set downloads directory='/tmp/dbt-downloads-2ub1nfya'
[0m15:49:44.443600 [info ] [MainThread]: Installing dbt-labs/codegen
[0m15:49:45.260183 [info ] [MainThread]: Installed from version 0.12.1
[0m15:49:45.260944 [info ] [MainThread]: Updated version available: 0.13.1
[0m15:49:45.261549 [debug] [MainThread]: Sending event: {'category': 'dbt', 'action': 'package', 'label': '2d52f569-8785-4a31-8111-8a96010d274b', 'property_': 'install', 'context': [<snowplow_tracker.self_describing_json.SelfDescribingJson object at 0x73efef7e33a0>, <snowplow_tracker.self_describing_json.SelfDescribingJson object at 0x73efef81ee30>]}
[0m15:49:45.262078 [info ] [MainThread]: Installing dbt-labs/dbt_utils
[0m15:49:46.313930 [info ] [MainThread]: Installed from version 1.3.0
[0m15:49:46.314827 [info ] [MainThread]: Up to date!
[0m15:49:46.315779 [debug] [MainThread]: Sending event: {'category': 'dbt', 'action': 'package', 'label': '2d52f569-8785-4a31-8111-8a96010d274b', 'property_': 'install', 'context': [<snowplow_tracker.self_describing_json.SelfDescribingJson object at 0x73efef7e33a0>, <snowplow_tracker.self_describing_json.SelfDescribingJson object at 0x73efee1674c0>]}
[0m15:49:46.316530 [info ] [MainThread]: 
[0m15:49:46.316955 [info ] [MainThread]: Updates available for packages: ['dbt-labs/codegen']                 
Update your versions in packages.yml, then run dbt deps
[0m15:49:46.318632 [debug] [MainThread]: Sending event: {'category': 'dbt', 'action': 'invocation', 'label': 'end', 'context': [<snowplow_tracker.self_describing_json.SelfDescribingJson object at 0x73efefe419f0>, <snowplow_tracker.self_describing_json.SelfDescribingJson object at 0x73efef81ee30>, <snowplow_tracker.self_describing_json.SelfDescribingJson object at 0x73efef82bf70>]}
[0m15:49:46.319117 [debug] [MainThread]: Flushing usage events
[0m15:50:20.166733 [debug] [MainThread]: Sending event: {'category': 'dbt', 'action': 'invocation', 'label': 'start', 'context': [<snowplow_tracker.self_describing_json.SelfDescribingJson object at 0x74f3b57ad990>, <snowplow_tracker.self_describing_json.SelfDescribingJson object at 0x74f3b3e33bb0>, <snowplow_tracker.self_describing_json.SelfDescribingJson object at 0x74f3b3e6c940>]}


============================== 15:50:20.169449 | 50b652a0-b195-4b4c-b880-cdd0c3e140b8 ==============================
[0m15:50:20.169449 [info ] [MainThread]: Running with dbt=1.8.8
[0m15:50:20.169918 [debug] [MainThread]: running dbt with arguments {'printer_width': '80', 'indirect_selection': 'eager', 'write_json': 'True', 'log_cache_events': 'False', 'partial_parse': 'True', 'cache_selected_only': 'False', 'profiles_dir': '/home/prasannak/.dbt', 'debug': 'False', 'version_check': 'True', 'log_path': '/home/prasannak/Documents/dbt_project/dbt_project/logs', 'fail_fast': 'False', 'warn_error': 'None', 'use_colors': 'True', 'use_experimental_parser': 'False', 'no_print': 'None', 'quiet': 'False', 'empty': 'None', 'warn_error_options': 'WarnErrorOptions(include=[], exclude=[])', 'static_parser': 'True', 'invocation_command': 'dbt ', 'log_format': 'default', 'target_path': 'None', 'introspect': 'True', 'send_anonymous_usage_stats': 'True'}
[0m15:50:20.175515 [info ] [MainThread]: dbt version: 1.8.8
[0m15:50:20.175943 [info ] [MainThread]: python version: 3.10.12
[0m15:50:20.176273 [info ] [MainThread]: python path: /bin/python3
[0m15:50:20.176576 [info ] [MainThread]: os info: Linux-6.12.10-76061203-generic-x86_64-with-glibc2.35
[0m15:50:20.180996 [info ] [MainThread]: Error importing adapter: No module named 'dbt.adapters.postgres'
[0m15:50:20.181892 [info ] [MainThread]: Using profiles dir at /home/prasannak/.dbt
[0m15:50:20.182304 [info ] [MainThread]: Using profiles.yml file at /home/prasannak/.dbt/profiles.yml
[0m15:50:20.182577 [info ] [MainThread]: Using dbt_project.yml file at /home/prasannak/Documents/dbt_project/dbt_project/dbt_project.yml
[0m15:50:20.288348 [info ] [MainThread]: Configuration:
[0m15:50:20.288823 [info ] [MainThread]:   profiles.yml file [[31mERROR invalid[0m]
[0m15:50:20.289139 [info ] [MainThread]:   dbt_project.yml file [[32mOK found and valid[0m]
[0m15:50:20.289448 [info ] [MainThread]: Required dependencies:
[0m15:50:20.289837 [debug] [MainThread]: Executing "git --help"
[0m15:50:20.291536 [debug] [MainThread]: STDOUT: "b"usage: git [--version] [--help] [-C <path>] [-c <name>=<value>]\n           [--exec-path[=<path>]] [--html-path] [--man-path] [--info-path]\n           [-p | --paginate | -P | --no-pager] [--no-replace-objects] [--bare]\n           [--git-dir=<path>] [--work-tree=<path>] [--namespace=<name>]\n           [--super-prefix=<path>] [--config-env=<name>=<envvar>]\n           <command> [<args>]\n\nThese are common Git commands used in various situations:\n\nstart a working area (see also: git help tutorial)\n   clone     Clone a repository into a new directory\n   init      Create an empty Git repository or reinitialize an existing one\n\nwork on the current change (see also: git help everyday)\n   add       Add file contents to the index\n   mv        Move or rename a file, a directory, or a symlink\n   restore   Restore working tree files\n   rm        Remove files from the working tree and from the index\n\nexamine the history and state (see also: git help revisions)\n   bisect    Use binary search to find the commit that introduced a bug\n   diff      Show changes between commits, commit and working tree, etc\n   grep      Print lines matching a pattern\n   log       Show commit logs\n   show      Show various types of objects\n   status    Show the working tree status\n\ngrow, mark and tweak your common history\n   branch    List, create, or delete branches\n   commit    Record changes to the repository\n   merge     Join two or more development histories together\n   rebase    Reapply commits on top of another base tip\n   reset     Reset current HEAD to the specified state\n   switch    Switch branches\n   tag       Create, list, delete or verify a tag object signed with GPG\n\ncollaborate (see also: git help workflows)\n   fetch     Download objects and refs from another repository\n   pull      Fetch from and integrate with another repository or a local branch\n   push      Update remote refs along with associated objects\n\n'git help -a' and 'git help -g' list available subcommands and some\nconcept guides. See 'git help <command>' or 'git help <concept>'\nto read about a specific subcommand or concept.\nSee 'git help git' for an overview of the system.\n""
[0m15:50:20.291949 [debug] [MainThread]: STDERR: "b''"
[0m15:50:20.292267 [info ] [MainThread]:  - git [[32mOK found[0m]

[0m15:50:20.292550 [info ] [MainThread]: Connection test skipped since no profile was found
[0m15:50:20.292823 [info ] [MainThread]: [31m1 check failed:[0m
[0m15:50:20.293112 [info ] [MainThread]: Profile loading failed for the following reason:
Runtime Error
  Credentials in profile "dbt_project", target "dev" invalid: Runtime Error
    Could not find adapter type postgres!


[0m15:50:20.293868 [debug] [MainThread]: Sending event: {'category': 'dbt', 'action': 'invocation', 'label': 'end', 'context': [<snowplow_tracker.self_describing_json.SelfDescribingJson object at 0x74f3b57ad990>, <snowplow_tracker.self_describing_json.SelfDescribingJson object at 0x74f3b518bee0>, <snowplow_tracker.self_describing_json.SelfDescribingJson object at 0x74f3b5163220>]}
[0m15:50:20.294320 [debug] [MainThread]: Flushing usage events
[0m15:51:53.217625 [debug] [MainThread]: Sending event: {'category': 'dbt', 'action': 'invocation', 'label': 'start', 'context': [<snowplow_tracker.self_describing_json.SelfDescribingJson object at 0x7b5aff455a20>, <snowplow_tracker.self_describing_json.SelfDescribingJson object at 0x7b5afd94eaa0>, <snowplow_tracker.self_describing_json.SelfDescribingJson object at 0x7b5afd94fa00>]}


============================== 15:51:53.219908 | f7686ffd-0151-4302-95df-681a1a9755eb ==============================
[0m15:51:53.219908 [info ] [MainThread]: Running with dbt=1.8.8
[0m15:51:53.220491 [debug] [MainThread]: running dbt with arguments {'printer_width': '80', 'indirect_selection': 'eager', 'write_json': 'True', 'log_cache_events': 'False', 'partial_parse': 'True', 'cache_selected_only': 'False', 'warn_error': 'None', 'fail_fast': 'False', 'version_check': 'True', 'log_path': '/home/prasannak/Documents/dbt_project/dbt_project/logs', 'debug': 'False', 'profiles_dir': '/home/prasannak/.dbt', 'use_colors': 'True', 'use_experimental_parser': 'False', 'empty': 'None', 'quiet': 'False', 'no_print': 'None', 'warn_error_options': 'WarnErrorOptions(include=[], exclude=[])', 'static_parser': 'True', 'log_format': 'default', 'introspect': 'True', 'target_path': 'None', 'invocation_command': 'dbt ', 'send_anonymous_usage_stats': 'True'}
[0m15:51:53.343618 [debug] [MainThread]: Sending event: {'category': 'dbt', 'action': 'project_id', 'label': 'f7686ffd-0151-4302-95df-681a1a9755eb', 'context': [<snowplow_tracker.self_describing_json.SelfDescribingJson object at 0x7b5afd833b20>]}
[0m15:51:53.361055 [debug] [MainThread]: Set downloads directory='/tmp/dbt-downloads-f0mp0zng'
[0m15:51:53.361548 [debug] [MainThread]: Making package index registry request: GET https://hub.getdbt.com/api/v1/index.json
[0m15:51:53.948176 [debug] [MainThread]: Response from registry index: GET https://hub.getdbt.com/api/v1/index.json 200
[0m15:51:53.949053 [debug] [MainThread]: Making package registry request: GET https://hub.getdbt.com/api/v1/dbt-labs/codegen.json
[0m15:51:54.637011 [debug] [MainThread]: Response from registry: GET https://hub.getdbt.com/api/v1/dbt-labs/codegen.json 200
[0m15:51:54.643779 [debug] [MainThread]: Making package registry request: GET https://hub.getdbt.com/api/v1/dbt-labs/dbt_utils.json
[0m15:51:55.287725 [debug] [MainThread]: Response from registry: GET https://hub.getdbt.com/api/v1/dbt-labs/dbt_utils.json 200
[0m15:51:55.291172 [info ] [MainThread]: Installing dbt-labs/codegen
[0m15:51:56.015274 [info ] [MainThread]: Installed from version 0.12.1
[0m15:51:56.015892 [info ] [MainThread]: Updated version available: 0.13.1
[0m15:51:56.016588 [debug] [MainThread]: Sending event: {'category': 'dbt', 'action': 'package', 'label': 'f7686ffd-0151-4302-95df-681a1a9755eb', 'property_': 'install', 'context': [<snowplow_tracker.self_describing_json.SelfDescribingJson object at 0x7b5afee04310>, <snowplow_tracker.self_describing_json.SelfDescribingJson object at 0x7b5afd7a7910>]}
[0m15:51:56.017154 [info ] [MainThread]: Installing dbt-labs/dbt_utils
[0m15:51:56.807669 [info ] [MainThread]: Installed from version 1.3.0
[0m15:51:56.808200 [info ] [MainThread]: Up to date!
[0m15:51:56.808809 [debug] [MainThread]: Sending event: {'category': 'dbt', 'action': 'package', 'label': 'f7686ffd-0151-4302-95df-681a1a9755eb', 'property_': 'install', 'context': [<snowplow_tracker.self_describing_json.SelfDescribingJson object at 0x7b5afee04310>, <snowplow_tracker.self_describing_json.SelfDescribingJson object at 0x7b5afd7a4340>]}
[0m15:51:56.809400 [info ] [MainThread]: 
[0m15:51:56.809856 [info ] [MainThread]: Updates available for packages: ['dbt-labs/codegen']                 
Update your versions in packages.yml, then run dbt deps
[0m15:51:56.811239 [debug] [MainThread]: Sending event: {'category': 'dbt', 'action': 'invocation', 'label': 'end', 'context': [<snowplow_tracker.self_describing_json.SelfDescribingJson object at 0x7b5aff455a20>, <snowplow_tracker.self_describing_json.SelfDescribingJson object at 0x7b5afee31630>, <snowplow_tracker.self_describing_json.SelfDescribingJson object at 0x7b5afd7a7940>]}
[0m15:51:56.811736 [debug] [MainThread]: Flushing usage events
[0m15:54:44.988032 [debug] [MainThread]: Sending event: {'category': 'dbt', 'action': 'invocation', 'label': 'start', 'context': [<snowplow_tracker.self_describing_json.SelfDescribingJson object at 0x781bfd86da20>, <snowplow_tracker.self_describing_json.SelfDescribingJson object at 0x781bfbd72aa0>, <snowplow_tracker.self_describing_json.SelfDescribingJson object at 0x781bfbd73a00>]}


============================== 15:54:44.990345 | dc694217-4bbe-4ced-8f32-240b3bab5683 ==============================
[0m15:54:44.990345 [info ] [MainThread]: Running with dbt=1.8.8
[0m15:54:44.990827 [debug] [MainThread]: running dbt with arguments {'printer_width': '80', 'indirect_selection': 'eager', 'write_json': 'True', 'log_cache_events': 'False', 'partial_parse': 'True', 'cache_selected_only': 'False', 'profiles_dir': '/home/prasannak/.dbt', 'fail_fast': 'False', 'version_check': 'True', 'log_path': '/home/prasannak/Documents/dbt_project/dbt_project/logs', 'warn_error': 'None', 'debug': 'False', 'use_colors': 'True', 'use_experimental_parser': 'False', 'no_print': 'None', 'quiet': 'False', 'empty': 'None', 'log_format': 'default', 'invocation_command': 'dbt ', 'static_parser': 'True', 'introspect': 'True', 'target_path': 'None', 'warn_error_options': 'WarnErrorOptions(include=[], exclude=[])', 'send_anonymous_usage_stats': 'True'}
[0m15:54:45.119150 [debug] [MainThread]: Sending event: {'category': 'dbt', 'action': 'project_id', 'label': 'dc694217-4bbe-4ced-8f32-240b3bab5683', 'context': [<snowplow_tracker.self_describing_json.SelfDescribingJson object at 0x781bfbc57b20>]}
[0m15:54:45.131596 [debug] [MainThread]: Set downloads directory='/tmp/dbt-downloads-pjs2rl2c'
[0m15:54:45.132287 [debug] [MainThread]: Making package index registry request: GET https://hub.getdbt.com/api/v1/index.json
[0m15:54:45.787898 [debug] [MainThread]: Response from registry index: GET https://hub.getdbt.com/api/v1/index.json 200
[0m15:54:45.789737 [debug] [MainThread]: Making package registry request: GET https://hub.getdbt.com/api/v1/dbt-labs/codegen.json
[0m15:54:46.710594 [debug] [MainThread]: Response from registry: GET https://hub.getdbt.com/api/v1/dbt-labs/codegen.json 200
[0m15:54:46.721972 [debug] [MainThread]: Making package registry request: GET https://hub.getdbt.com/api/v1/dbt-labs/dbt_utils.json
[0m15:54:47.324234 [debug] [MainThread]: Response from registry: GET https://hub.getdbt.com/api/v1/dbt-labs/dbt_utils.json 200
[0m15:54:47.343520 [info ] [MainThread]: Updating lock file in file path: /home/prasannak/Documents/dbt_project/dbt_project/package-lock.yml
[0m15:54:47.350976 [debug] [MainThread]: Set downloads directory='/tmp/dbt-downloads-h1e4vrcc'
[0m15:54:47.355881 [info ] [MainThread]: Installing dbt-labs/codegen
[0m15:54:48.797141 [info ] [MainThread]: Installed from version 0.13.1
[0m15:54:48.797776 [info ] [MainThread]: Up to date!
[0m15:54:48.798231 [debug] [MainThread]: Sending event: {'category': 'dbt', 'action': 'package', 'label': 'dc694217-4bbe-4ced-8f32-240b3bab5683', 'property_': 'install', 'context': [<snowplow_tracker.self_describing_json.SelfDescribingJson object at 0x781bfd21bf70>, <snowplow_tracker.self_describing_json.SelfDescribingJson object at 0x781bfd267940>]}
[0m15:54:48.798643 [info ] [MainThread]: Installing dbt-labs/dbt_utils
[0m15:54:49.766469 [info ] [MainThread]: Installed from version 1.3.0
[0m15:54:49.766924 [info ] [MainThread]: Up to date!
[0m15:54:49.767395 [debug] [MainThread]: Sending event: {'category': 'dbt', 'action': 'package', 'label': 'dc694217-4bbe-4ced-8f32-240b3bab5683', 'property_': 'install', 'context': [<snowplow_tracker.self_describing_json.SelfDescribingJson object at 0x781bfd21bf70>, <snowplow_tracker.self_describing_json.SelfDescribingJson object at 0x781bfbba06d0>]}
[0m15:54:49.768471 [debug] [MainThread]: Sending event: {'category': 'dbt', 'action': 'invocation', 'label': 'end', 'context': [<snowplow_tracker.self_describing_json.SelfDescribingJson object at 0x781bfd86da20>, <snowplow_tracker.self_describing_json.SelfDescribingJson object at 0x781bfd267940>, <snowplow_tracker.self_describing_json.SelfDescribingJson object at 0x781bfbba3580>]}
[0m15:54:49.768864 [debug] [MainThread]: Flushing usage events
[0m15:55:05.308809 [debug] [MainThread]: Sending event: {'category': 'dbt', 'action': 'invocation', 'label': 'start', 'context': [<snowplow_tracker.self_describing_json.SelfDescribingJson object at 0x7c976ed71960>, <snowplow_tracker.self_describing_json.SelfDescribingJson object at 0x7c976d27dab0>, <snowplow_tracker.self_describing_json.SelfDescribingJson object at 0x7c976d27df60>]}


============================== 15:55:05.311161 | 6f81defb-829e-47b9-82fa-708b0c096113 ==============================
[0m15:55:05.311161 [info ] [MainThread]: Running with dbt=1.8.8
[0m15:55:05.311659 [debug] [MainThread]: running dbt with arguments {'printer_width': '80', 'indirect_selection': 'eager', 'log_cache_events': 'False', 'write_json': 'True', 'partial_parse': 'True', 'cache_selected_only': 'False', 'warn_error': 'None', 'debug': 'False', 'fail_fast': 'False', 'log_path': '/home/prasannak/Documents/dbt_project/dbt_project/logs', 'version_check': 'True', 'profiles_dir': '/home/prasannak/.dbt', 'use_colors': 'True', 'use_experimental_parser': 'False', 'no_print': 'None', 'quiet': 'False', 'empty': 'None', 'warn_error_options': 'WarnErrorOptions(include=[], exclude=[])', 'static_parser': 'True', 'invocation_command': 'dbt ', 'introspect': 'True', 'target_path': 'None', 'log_format': 'default', 'send_anonymous_usage_stats': 'True'}
[0m15:55:05.318314 [info ] [MainThread]: dbt version: 1.8.8
[0m15:55:05.318790 [info ] [MainThread]: python version: 3.10.12
[0m15:55:05.319145 [info ] [MainThread]: python path: /bin/python3
[0m15:55:05.319442 [info ] [MainThread]: os info: Linux-6.12.10-76061203-generic-x86_64-with-glibc2.35
[0m15:55:05.323344 [info ] [MainThread]: Error importing adapter: No module named 'dbt.adapters.postgres'
[0m15:55:05.323927 [info ] [MainThread]: Using profiles dir at /home/prasannak/.dbt
[0m15:55:05.324262 [info ] [MainThread]: Using profiles.yml file at /home/prasannak/.dbt/profiles.yml
[0m15:55:05.324594 [info ] [MainThread]: Using dbt_project.yml file at /home/prasannak/Documents/dbt_project/dbt_project/dbt_project.yml
[0m15:55:05.436676 [info ] [MainThread]: Configuration:
[0m15:55:05.437212 [info ] [MainThread]:   profiles.yml file [[31mERROR invalid[0m]
[0m15:55:05.437629 [info ] [MainThread]:   dbt_project.yml file [[32mOK found and valid[0m]
[0m15:55:05.437954 [info ] [MainThread]: Required dependencies:
[0m15:55:05.438305 [debug] [MainThread]: Executing "git --help"
[0m15:55:05.439891 [debug] [MainThread]: STDOUT: "b"usage: git [--version] [--help] [-C <path>] [-c <name>=<value>]\n           [--exec-path[=<path>]] [--html-path] [--man-path] [--info-path]\n           [-p | --paginate | -P | --no-pager] [--no-replace-objects] [--bare]\n           [--git-dir=<path>] [--work-tree=<path>] [--namespace=<name>]\n           [--super-prefix=<path>] [--config-env=<name>=<envvar>]\n           <command> [<args>]\n\nThese are common Git commands used in various situations:\n\nstart a working area (see also: git help tutorial)\n   clone     Clone a repository into a new directory\n   init      Create an empty Git repository or reinitialize an existing one\n\nwork on the current change (see also: git help everyday)\n   add       Add file contents to the index\n   mv        Move or rename a file, a directory, or a symlink\n   restore   Restore working tree files\n   rm        Remove files from the working tree and from the index\n\nexamine the history and state (see also: git help revisions)\n   bisect    Use binary search to find the commit that introduced a bug\n   diff      Show changes between commits, commit and working tree, etc\n   grep      Print lines matching a pattern\n   log       Show commit logs\n   show      Show various types of objects\n   status    Show the working tree status\n\ngrow, mark and tweak your common history\n   branch    List, create, or delete branches\n   commit    Record changes to the repository\n   merge     Join two or more development histories together\n   rebase    Reapply commits on top of another base tip\n   reset     Reset current HEAD to the specified state\n   switch    Switch branches\n   tag       Create, list, delete or verify a tag object signed with GPG\n\ncollaborate (see also: git help workflows)\n   fetch     Download objects and refs from another repository\n   pull      Fetch from and integrate with another repository or a local branch\n   push      Update remote refs along with associated objects\n\n'git help -a' and 'git help -g' list available subcommands and some\nconcept guides. See 'git help <command>' or 'git help <concept>'\nto read about a specific subcommand or concept.\nSee 'git help git' for an overview of the system.\n""
[0m15:55:05.440375 [debug] [MainThread]: STDERR: "b''"
[0m15:55:05.440719 [info ] [MainThread]:  - git [[32mOK found[0m]

[0m15:55:05.441041 [info ] [MainThread]: Connection test skipped since no profile was found
[0m15:55:05.441389 [info ] [MainThread]: [31m1 check failed:[0m
[0m15:55:05.441767 [info ] [MainThread]: Profile loading failed for the following reason:
Runtime Error
  Credentials in profile "dbt_project", target "dev" invalid: Runtime Error
    Could not find adapter type postgres!


[0m15:55:05.442562 [debug] [MainThread]: Sending event: {'category': 'dbt', 'action': 'invocation', 'label': 'end', 'context': [<snowplow_tracker.self_describing_json.SelfDescribingJson object at 0x7c976ed71960>, <snowplow_tracker.self_describing_json.SelfDescribingJson object at 0x7c976e73a8f0>, <snowplow_tracker.self_describing_json.SelfDescribingJson object at 0x7c976ec1b9d0>]}
[0m15:55:05.442952 [debug] [MainThread]: Flushing usage events
[0m16:03:31.906894 [debug] [MainThread]: Sending event: {'category': 'dbt', 'action': 'invocation', 'label': 'start', 'context': [<snowplow_tracker.self_describing_json.SelfDescribingJson object at 0x763640dc99f0>, <snowplow_tracker.self_describing_json.SelfDescribingJson object at 0x76363f488400>, <snowplow_tracker.self_describing_json.SelfDescribingJson object at 0x76363f4898a0>]}


============================== 16:03:31.910903 | e921aa8b-74f2-4e36-b474-77d612af9f2d ==============================
[0m16:03:31.910903 [info ] [MainThread]: Running with dbt=1.8.8
[0m16:03:31.911826 [debug] [MainThread]: running dbt with arguments {'printer_width': '80', 'indirect_selection': 'eager', 'log_cache_events': 'False', 'write_json': 'True', 'partial_parse': 'True', 'cache_selected_only': 'False', 'profiles_dir': '/home/prasannak/.dbt', 'fail_fast': 'False', 'warn_error': 'None', 'log_path': '/home/prasannak/Documents/dbt_project/dbt_project/logs', 'debug': 'False', 'version_check': 'True', 'use_colors': 'True', 'use_experimental_parser': 'False', 'no_print': 'None', 'quiet': 'False', 'empty': 'None', 'warn_error_options': 'WarnErrorOptions(include=[], exclude=[])', 'static_parser': 'True', 'introspect': 'True', 'invocation_command': 'dbt ', 'target_path': 'None', 'log_format': 'default', 'send_anonymous_usage_stats': 'True'}
[0m16:03:32.090849 [debug] [MainThread]: Sending event: {'category': 'dbt', 'action': 'project_id', 'label': 'e921aa8b-74f2-4e36-b474-77d612af9f2d', 'context': [<snowplow_tracker.self_describing_json.SelfDescribingJson object at 0x76363f4880a0>]}
[0m16:03:32.117636 [debug] [MainThread]: Set downloads directory='/tmp/dbt-downloads-hzp9s0vd'
[0m16:03:32.118348 [debug] [MainThread]: Making package index registry request: GET https://hub.getdbt.com/api/v1/index.json
[0m16:03:32.977794 [debug] [MainThread]: Response from registry index: GET https://hub.getdbt.com/api/v1/index.json 200
[0m16:03:32.979032 [debug] [MainThread]: Making package registry request: GET https://hub.getdbt.com/api/v1/dbt-labs/codegen.json
[0m16:03:33.497915 [debug] [MainThread]: Response from registry: GET https://hub.getdbt.com/api/v1/dbt-labs/codegen.json 200
[0m16:03:33.500455 [debug] [MainThread]: Making package registry request: GET https://hub.getdbt.com/api/v1/dbt-labs/dbt_utils.json
[0m16:03:34.012617 [debug] [MainThread]: Response from registry: GET https://hub.getdbt.com/api/v1/dbt-labs/dbt_utils.json 200
[0m16:03:34.019387 [info ] [MainThread]: Installing dbt-labs/codegen
[0m16:03:34.730775 [info ] [MainThread]: Installed from version 0.13.1
[0m16:03:34.731311 [info ] [MainThread]: Up to date!
[0m16:03:34.731908 [debug] [MainThread]: Sending event: {'category': 'dbt', 'action': 'package', 'label': 'e921aa8b-74f2-4e36-b474-77d612af9f2d', 'property_': 'install', 'context': [<snowplow_tracker.self_describing_json.SelfDescribingJson object at 0x763640768a00>, <snowplow_tracker.self_describing_json.SelfDescribingJson object at 0x76363f11b910>]}
[0m16:03:34.732348 [info ] [MainThread]: Installing dbt-labs/dbt_utils
[0m16:03:35.691873 [info ] [MainThread]: Installed from version 1.3.0
[0m16:03:35.693201 [info ] [MainThread]: Up to date!
[0m16:03:35.694243 [debug] [MainThread]: Sending event: {'category': 'dbt', 'action': 'package', 'label': 'e921aa8b-74f2-4e36-b474-77d612af9f2d', 'property_': 'install', 'context': [<snowplow_tracker.self_describing_json.SelfDescribingJson object at 0x763640768a00>, <snowplow_tracker.self_describing_json.SelfDescribingJson object at 0x76363f118310>]}
[0m16:03:35.696396 [debug] [MainThread]: Sending event: {'category': 'dbt', 'action': 'invocation', 'label': 'end', 'context': [<snowplow_tracker.self_describing_json.SelfDescribingJson object at 0x763640dc99f0>, <snowplow_tracker.self_describing_json.SelfDescribingJson object at 0x7636407b6230>, <snowplow_tracker.self_describing_json.SelfDescribingJson object at 0x763640768a00>]}
[0m16:03:35.697579 [debug] [MainThread]: Flushing usage events
[0m16:06:07.720593 [debug] [MainThread]: Sending event: {'category': 'dbt', 'action': 'invocation', 'label': 'start', 'context': [<snowplow_tracker.self_describing_json.SelfDescribingJson object at 0x76101ac6d840>, <snowplow_tracker.self_describing_json.SelfDescribingJson object at 0x7610193ce350>, <snowplow_tracker.self_describing_json.SelfDescribingJson object at 0x7610193ce620>]}


============================== 16:06:07.722870 | 8ac6339f-f893-4792-83e9-23a4916f4fa1 ==============================
[0m16:06:07.722870 [info ] [MainThread]: Running with dbt=1.8.8
[0m16:06:07.723366 [debug] [MainThread]: running dbt with arguments {'printer_width': '80', 'indirect_selection': 'eager', 'write_json': 'True', 'log_cache_events': 'False', 'partial_parse': 'True', 'cache_selected_only': 'False', 'warn_error': 'None', 'debug': 'False', 'fail_fast': 'False', 'log_path': '/home/prasannak/Documents/dbt_project/dbt_project/logs', 'version_check': 'True', 'profiles_dir': '/home/prasannak/.dbt', 'use_colors': 'True', 'use_experimental_parser': 'False', 'no_print': 'None', 'quiet': 'False', 'empty': 'False', 'warn_error_options': 'WarnErrorOptions(include=[], exclude=[])', 'static_parser': 'True', 'log_format': 'default', 'introspect': 'True', 'target_path': 'None', 'invocation_command': 'dbt run', 'send_anonymous_usage_stats': 'True'}
[0m16:06:07.731329 [info ] [MainThread]: Error importing adapter: No module named 'dbt.adapters.postgres'
[0m16:06:07.731971 [error] [MainThread]: Encountered an error:
Runtime Error
  Credentials in profile "dbt_project", target "dev" invalid: Runtime Error
    Could not find adapter type postgres!
[0m16:06:07.732733 [debug] [MainThread]: Sending event: {'category': 'dbt', 'action': 'invocation', 'label': 'end', 'context': [<snowplow_tracker.self_describing_json.SelfDescribingJson object at 0x76101ac6d840>, <snowplow_tracker.self_describing_json.SelfDescribingJson object at 0x7610191973a0>, <snowplow_tracker.self_describing_json.SelfDescribingJson object at 0x761019195e40>]}
[0m16:06:07.733129 [debug] [MainThread]: Flushing usage events
[0m16:40:05.563044 [debug] [MainThread]: Sending event: {'category': 'dbt', 'action': 'invocation', 'label': 'start', 'context': [<snowplow_tracker.self_describing_json.SelfDescribingJson object at 0x7e077b075930>, <snowplow_tracker.self_describing_json.SelfDescribingJson object at 0x7e0779582950>, <snowplow_tracker.self_describing_json.SelfDescribingJson object at 0x7e0779580490>]}


============================== 16:40:05.565686 | c5317b0c-57d6-45fa-b7bd-6707c3db9b59 ==============================
[0m16:40:05.565686 [info ] [MainThread]: Running with dbt=1.8.8
[0m16:40:05.566206 [debug] [MainThread]: running dbt with arguments {'printer_width': '80', 'indirect_selection': 'eager', 'log_cache_events': 'False', 'write_json': 'True', 'partial_parse': 'True', 'cache_selected_only': 'False', 'profiles_dir': '/home/prasannak/.dbt', 'version_check': 'True', 'debug': 'False', 'log_path': '/home/prasannak/Documents/dbt_project/dbt_project/logs', 'fail_fast': 'False', 'warn_error': 'None', 'use_colors': 'True', 'use_experimental_parser': 'False', 'empty': 'None', 'quiet': 'False', 'no_print': 'None', 'warn_error_options': 'WarnErrorOptions(include=[], exclude=[])', 'static_parser': 'True', 'invocation_command': 'dbt ', 'introspect': 'True', 'target_path': 'None', 'log_format': 'default', 'send_anonymous_usage_stats': 'True'}
[0m16:40:05.573891 [info ] [MainThread]: dbt version: 1.8.8
[0m16:40:05.574346 [info ] [MainThread]: python version: 3.10.12
[0m16:40:05.574650 [info ] [MainThread]: python path: /bin/python3
[0m16:40:05.574927 [info ] [MainThread]: os info: Linux-6.12.10-76061203-generic-x86_64-with-glibc2.35
[0m16:40:05.578813 [info ] [MainThread]: Error importing adapter: No module named 'dbt.adapters.postgres'
[0m16:40:05.579367 [info ] [MainThread]: Using profiles dir at /home/prasannak/.dbt
[0m16:40:05.579673 [info ] [MainThread]: Using profiles.yml file at /home/prasannak/.dbt/profiles.yml
[0m16:40:05.579940 [info ] [MainThread]: Using dbt_project.yml file at /home/prasannak/Documents/dbt_project/dbt_project/dbt_project.yml
[0m16:40:05.685023 [info ] [MainThread]: Configuration:
[0m16:40:05.685520 [info ] [MainThread]:   profiles.yml file [[31mERROR invalid[0m]
[0m16:40:05.685949 [info ] [MainThread]:   dbt_project.yml file [[32mOK found and valid[0m]
[0m16:40:05.686364 [info ] [MainThread]: Required dependencies:
[0m16:40:05.686776 [debug] [MainThread]: Executing "git --help"
[0m16:40:05.688359 [debug] [MainThread]: STDOUT: "b"usage: git [--version] [--help] [-C <path>] [-c <name>=<value>]\n           [--exec-path[=<path>]] [--html-path] [--man-path] [--info-path]\n           [-p | --paginate | -P | --no-pager] [--no-replace-objects] [--bare]\n           [--git-dir=<path>] [--work-tree=<path>] [--namespace=<name>]\n           [--super-prefix=<path>] [--config-env=<name>=<envvar>]\n           <command> [<args>]\n\nThese are common Git commands used in various situations:\n\nstart a working area (see also: git help tutorial)\n   clone     Clone a repository into a new directory\n   init      Create an empty Git repository or reinitialize an existing one\n\nwork on the current change (see also: git help everyday)\n   add       Add file contents to the index\n   mv        Move or rename a file, a directory, or a symlink\n   restore   Restore working tree files\n   rm        Remove files from the working tree and from the index\n\nexamine the history and state (see also: git help revisions)\n   bisect    Use binary search to find the commit that introduced a bug\n   diff      Show changes between commits, commit and working tree, etc\n   grep      Print lines matching a pattern\n   log       Show commit logs\n   show      Show various types of objects\n   status    Show the working tree status\n\ngrow, mark and tweak your common history\n   branch    List, create, or delete branches\n   commit    Record changes to the repository\n   merge     Join two or more development histories together\n   rebase    Reapply commits on top of another base tip\n   reset     Reset current HEAD to the specified state\n   switch    Switch branches\n   tag       Create, list, delete or verify a tag object signed with GPG\n\ncollaborate (see also: git help workflows)\n   fetch     Download objects and refs from another repository\n   pull      Fetch from and integrate with another repository or a local branch\n   push      Update remote refs along with associated objects\n\n'git help -a' and 'git help -g' list available subcommands and some\nconcept guides. See 'git help <command>' or 'git help <concept>'\nto read about a specific subcommand or concept.\nSee 'git help git' for an overview of the system.\n""
[0m16:40:05.689331 [debug] [MainThread]: STDERR: "b''"
[0m16:40:05.689716 [info ] [MainThread]:  - git [[32mOK found[0m]

[0m16:40:05.690022 [info ] [MainThread]: Connection test skipped since no profile was found
[0m16:40:05.690417 [info ] [MainThread]: [31m1 check failed:[0m
[0m16:40:05.690862 [info ] [MainThread]: Profile loading failed for the following reason:
Runtime Error
  Credentials in profile "dbt_project", target "dev" invalid: Runtime Error
    Could not find adapter type postgres!


[0m16:40:05.691906 [debug] [MainThread]: Sending event: {'category': 'dbt', 'action': 'invocation', 'label': 'end', 'context': [<snowplow_tracker.self_describing_json.SelfDescribingJson object at 0x7e077b075930>, <snowplow_tracker.self_describing_json.SelfDescribingJson object at 0x7e077aa6bdc0>, <snowplow_tracker.self_describing_json.SelfDescribingJson object at 0x7e077aa40a60>]}
[0m16:40:05.692555 [debug] [MainThread]: Flushing usage events
[0m16:42:26.009768 [debug] [MainThread]: Sending event: {'category': 'dbt', 'action': 'invocation', 'label': 'start', 'context': [<snowplow_tracker.self_describing_json.SelfDescribingJson object at 0x7053049b1a50>, <snowplow_tracker.self_describing_json.SelfDescribingJson object at 0x7053030736a0>, <snowplow_tracker.self_describing_json.SelfDescribingJson object at 0x705303071cc0>]}


============================== 16:42:26.012009 | 3d3c4980-650d-498b-ac37-1a895a26201d ==============================
[0m16:42:26.012009 [info ] [MainThread]: Running with dbt=1.8.8
[0m16:42:26.012492 [debug] [MainThread]: running dbt with arguments {'printer_width': '80', 'indirect_selection': 'eager', 'log_cache_events': 'False', 'write_json': 'True', 'partial_parse': 'True', 'cache_selected_only': 'False', 'profiles_dir': '/home/prasannak/.dbt', 'fail_fast': 'False', 'debug': 'False', 'log_path': '/home/prasannak/Documents/dbt_project/dbt_project/logs', 'version_check': 'True', 'warn_error': 'None', 'use_colors': 'True', 'use_experimental_parser': 'False', 'no_print': 'None', 'quiet': 'False', 'empty': 'None', 'warn_error_options': 'WarnErrorOptions(include=[], exclude=[])', 'invocation_command': 'dbt ', 'introspect': 'True', 'static_parser': 'True', 'target_path': 'None', 'log_format': 'default', 'send_anonymous_usage_stats': 'True'}
[0m16:42:26.017569 [info ] [MainThread]: dbt version: 1.8.8
[0m16:42:26.017992 [info ] [MainThread]: python version: 3.10.12
[0m16:42:26.018296 [info ] [MainThread]: python path: /bin/python3
[0m16:42:26.018565 [info ] [MainThread]: os info: Linux-6.12.10-76061203-generic-x86_64-with-glibc2.35
[0m16:42:26.023142 [info ] [MainThread]: Error importing adapter: No module named 'dbt.adapters.postgres'
[0m16:42:26.023704 [info ] [MainThread]: Using profiles dir at /home/prasannak/.dbt
[0m16:42:26.024001 [info ] [MainThread]: Using profiles.yml file at /home/prasannak/.dbt/profiles.yml
[0m16:42:26.024279 [info ] [MainThread]: Using dbt_project.yml file at /home/prasannak/Documents/dbt_project/dbt_project/dbt_project.yml
[0m16:42:26.130333 [info ] [MainThread]: Configuration:
[0m16:42:26.130843 [info ] [MainThread]:   profiles.yml file [[31mERROR invalid[0m]
[0m16:42:26.131191 [info ] [MainThread]:   dbt_project.yml file [[32mOK found and valid[0m]
[0m16:42:26.131604 [info ] [MainThread]: Required dependencies:
[0m16:42:26.132001 [debug] [MainThread]: Executing "git --help"
[0m16:42:26.133893 [debug] [MainThread]: STDOUT: "b"usage: git [--version] [--help] [-C <path>] [-c <name>=<value>]\n           [--exec-path[=<path>]] [--html-path] [--man-path] [--info-path]\n           [-p | --paginate | -P | --no-pager] [--no-replace-objects] [--bare]\n           [--git-dir=<path>] [--work-tree=<path>] [--namespace=<name>]\n           [--super-prefix=<path>] [--config-env=<name>=<envvar>]\n           <command> [<args>]\n\nThese are common Git commands used in various situations:\n\nstart a working area (see also: git help tutorial)\n   clone     Clone a repository into a new directory\n   init      Create an empty Git repository or reinitialize an existing one\n\nwork on the current change (see also: git help everyday)\n   add       Add file contents to the index\n   mv        Move or rename a file, a directory, or a symlink\n   restore   Restore working tree files\n   rm        Remove files from the working tree and from the index\n\nexamine the history and state (see also: git help revisions)\n   bisect    Use binary search to find the commit that introduced a bug\n   diff      Show changes between commits, commit and working tree, etc\n   grep      Print lines matching a pattern\n   log       Show commit logs\n   show      Show various types of objects\n   status    Show the working tree status\n\ngrow, mark and tweak your common history\n   branch    List, create, or delete branches\n   commit    Record changes to the repository\n   merge     Join two or more development histories together\n   rebase    Reapply commits on top of another base tip\n   reset     Reset current HEAD to the specified state\n   switch    Switch branches\n   tag       Create, list, delete or verify a tag object signed with GPG\n\ncollaborate (see also: git help workflows)\n   fetch     Download objects and refs from another repository\n   pull      Fetch from and integrate with another repository or a local branch\n   push      Update remote refs along with associated objects\n\n'git help -a' and 'git help -g' list available subcommands and some\nconcept guides. See 'git help <command>' or 'git help <concept>'\nto read about a specific subcommand or concept.\nSee 'git help git' for an overview of the system.\n""
[0m16:42:26.134645 [debug] [MainThread]: STDERR: "b''"
[0m16:42:26.135152 [info ] [MainThread]:  - git [[32mOK found[0m]

[0m16:42:26.135619 [info ] [MainThread]: Connection test skipped since no profile was found
[0m16:42:26.136124 [info ] [MainThread]: [31m1 check failed:[0m
[0m16:42:26.136552 [info ] [MainThread]: Profile loading failed for the following reason:
Runtime Error
  Credentials in profile "dbt_project", target "dev" invalid: Runtime Error
    Could not find adapter type postgres!


[0m16:42:26.137578 [debug] [MainThread]: Sending event: {'category': 'dbt', 'action': 'invocation', 'label': 'end', 'context': [<snowplow_tracker.self_describing_json.SelfDescribingJson object at 0x7053049b1a50>, <snowplow_tracker.self_describing_json.SelfDescribingJson object at 0x705304353040>, <snowplow_tracker.self_describing_json.SelfDescribingJson object at 0x70530439df30>]}
[0m16:42:26.138271 [debug] [MainThread]: Flushing usage events
[0m16:45:52.411250 [debug] [MainThread]: Sending event: {'category': 'dbt', 'action': 'invocation', 'label': 'start', 'context': [<snowplow_tracker.self_describing_json.SelfDescribingJson object at 0x7b4c8796d990>, <snowplow_tracker.self_describing_json.SelfDescribingJson object at 0x7b4c85e7a9b0>, <snowplow_tracker.self_describing_json.SelfDescribingJson object at 0x7b4c873625f0>]}


============================== 16:45:52.413582 | 76d2a4a5-1d5d-4298-a875-48cee3429330 ==============================
[0m16:45:52.413582 [info ] [MainThread]: Running with dbt=1.8.8
[0m16:45:52.414147 [debug] [MainThread]: running dbt with arguments {'printer_width': '80', 'indirect_selection': 'eager', 'log_cache_events': 'False', 'write_json': 'True', 'partial_parse': 'True', 'cache_selected_only': 'False', 'profiles_dir': '/home/prasannak/.dbt', 'version_check': 'True', 'warn_error': 'None', 'log_path': '/home/prasannak/Documents/dbt_project/dbt_project/logs', 'debug': 'False', 'fail_fast': 'False', 'use_colors': 'True', 'use_experimental_parser': 'False', 'no_print': 'None', 'quiet': 'False', 'empty': 'None', 'warn_error_options': 'WarnErrorOptions(include=[], exclude=[])', 'introspect': 'True', 'log_format': 'default', 'invocation_command': 'dbt ', 'target_path': 'None', 'static_parser': 'True', 'send_anonymous_usage_stats': 'True'}
[0m16:45:52.419426 [info ] [MainThread]: dbt version: 1.8.8
[0m16:45:52.420021 [info ] [MainThread]: python version: 3.10.12
[0m16:45:52.420484 [info ] [MainThread]: python path: /bin/python3
[0m16:45:52.420904 [info ] [MainThread]: os info: Linux-6.12.10-76061203-generic-x86_64-with-glibc2.35
[0m16:45:52.425184 [info ] [MainThread]: Error importing adapter: No module named 'dbt.adapters.postgres'
[0m16:45:52.426313 [info ] [MainThread]: Using profiles dir at /home/prasannak/.dbt
[0m16:45:52.427056 [info ] [MainThread]: Using profiles.yml file at /home/prasannak/.dbt/profiles.yml
[0m16:45:52.427747 [info ] [MainThread]: Using dbt_project.yml file at /home/prasannak/Documents/dbt_project/dbt_project/dbt_project.yml
[0m16:45:52.526113 [info ] [MainThread]: Configuration:
[0m16:45:52.526587 [info ] [MainThread]:   profiles.yml file [[31mERROR invalid[0m]
[0m16:45:52.526892 [info ] [MainThread]:   dbt_project.yml file [[32mOK found and valid[0m]
[0m16:45:52.527207 [info ] [MainThread]: Required dependencies:
[0m16:45:52.527549 [debug] [MainThread]: Executing "git --help"
[0m16:45:52.529103 [debug] [MainThread]: STDOUT: "b"usage: git [--version] [--help] [-C <path>] [-c <name>=<value>]\n           [--exec-path[=<path>]] [--html-path] [--man-path] [--info-path]\n           [-p | --paginate | -P | --no-pager] [--no-replace-objects] [--bare]\n           [--git-dir=<path>] [--work-tree=<path>] [--namespace=<name>]\n           [--super-prefix=<path>] [--config-env=<name>=<envvar>]\n           <command> [<args>]\n\nThese are common Git commands used in various situations:\n\nstart a working area (see also: git help tutorial)\n   clone     Clone a repository into a new directory\n   init      Create an empty Git repository or reinitialize an existing one\n\nwork on the current change (see also: git help everyday)\n   add       Add file contents to the index\n   mv        Move or rename a file, a directory, or a symlink\n   restore   Restore working tree files\n   rm        Remove files from the working tree and from the index\n\nexamine the history and state (see also: git help revisions)\n   bisect    Use binary search to find the commit that introduced a bug\n   diff      Show changes between commits, commit and working tree, etc\n   grep      Print lines matching a pattern\n   log       Show commit logs\n   show      Show various types of objects\n   status    Show the working tree status\n\ngrow, mark and tweak your common history\n   branch    List, create, or delete branches\n   commit    Record changes to the repository\n   merge     Join two or more development histories together\n   rebase    Reapply commits on top of another base tip\n   reset     Reset current HEAD to the specified state\n   switch    Switch branches\n   tag       Create, list, delete or verify a tag object signed with GPG\n\ncollaborate (see also: git help workflows)\n   fetch     Download objects and refs from another repository\n   pull      Fetch from and integrate with another repository or a local branch\n   push      Update remote refs along with associated objects\n\n'git help -a' and 'git help -g' list available subcommands and some\nconcept guides. See 'git help <command>' or 'git help <concept>'\nto read about a specific subcommand or concept.\nSee 'git help git' for an overview of the system.\n""
[0m16:45:52.529518 [debug] [MainThread]: STDERR: "b''"
[0m16:45:52.529825 [info ] [MainThread]:  - git [[32mOK found[0m]

[0m16:45:52.530139 [info ] [MainThread]: Connection test skipped since no profile was found
[0m16:45:52.530456 [info ] [MainThread]: [31m1 check failed:[0m
[0m16:45:52.530771 [info ] [MainThread]: Profile loading failed for the following reason:
Runtime Error
  Credentials in profile "dbt_project", target "dev" invalid: Runtime Error
    Could not find adapter type postgres!


[0m16:45:52.531573 [debug] [MainThread]: Sending event: {'category': 'dbt', 'action': 'invocation', 'label': 'end', 'context': [<snowplow_tracker.self_describing_json.SelfDescribingJson object at 0x7b4c8796d990>, <snowplow_tracker.self_describing_json.SelfDescribingJson object at 0x7b4c87363ee0>, <snowplow_tracker.self_describing_json.SelfDescribingJson object at 0x7b4c8733b220>]}
[0m16:45:52.532003 [debug] [MainThread]: Flushing usage events
[0m17:07:23.774258 [debug] [MainThread]: Sending event: {'category': 'dbt', 'action': 'invocation', 'label': 'start', 'context': [<snowplow_tracker.self_describing_json.SelfDescribingJson object at 0x768a88eb59f0>, <snowplow_tracker.self_describing_json.SelfDescribingJson object at 0x768a87574460>, <snowplow_tracker.self_describing_json.SelfDescribingJson object at 0x768a875758a0>]}


============================== 17:07:23.776738 | 06a0f124-774c-420f-baae-34b13cc0eb1a ==============================
[0m17:07:23.776738 [info ] [MainThread]: Running with dbt=1.8.8
[0m17:07:23.777217 [debug] [MainThread]: running dbt with arguments {'printer_width': '80', 'indirect_selection': 'eager', 'log_cache_events': 'False', 'write_json': 'True', 'partial_parse': 'True', 'cache_selected_only': 'False', 'warn_error': 'None', 'debug': 'False', 'version_check': 'True', 'log_path': '/home/prasannak/Documents/dbt_project/dbt_project/logs', 'profiles_dir': '/home/prasannak/.dbt', 'fail_fast': 'False', 'use_colors': 'True', 'use_experimental_parser': 'False', 'no_print': 'None', 'quiet': 'False', 'empty': 'None', 'warn_error_options': 'WarnErrorOptions(include=[], exclude=[])', 'introspect': 'True', 'static_parser': 'True', 'invocation_command': 'dbt ', 'target_path': 'None', 'log_format': 'default', 'send_anonymous_usage_stats': 'True'}
[0m17:07:23.783032 [info ] [MainThread]: dbt version: 1.8.8
[0m17:07:23.783487 [info ] [MainThread]: python version: 3.10.12
[0m17:07:23.783952 [info ] [MainThread]: python path: /bin/python3
[0m17:07:23.784285 [info ] [MainThread]: os info: Linux-6.12.10-76061203-generic-x86_64-with-glibc2.35
[0m17:07:23.788302 [info ] [MainThread]: Error importing adapter: No module named 'dbt.adapters.postgres'
[0m17:07:23.789040 [info ] [MainThread]: Using profiles dir at /home/prasannak/.dbt
[0m17:07:23.789564 [info ] [MainThread]: Using profiles.yml file at /home/prasannak/.dbt/profiles.yml
[0m17:07:23.789930 [info ] [MainThread]: Using dbt_project.yml file at /home/prasannak/Documents/dbt_project/dbt_project/dbt_project.yml
[0m17:07:23.895520 [info ] [MainThread]: Configuration:
[0m17:07:23.896009 [info ] [MainThread]:   profiles.yml file [[31mERROR invalid[0m]
[0m17:07:23.896368 [info ] [MainThread]:   dbt_project.yml file [[32mOK found and valid[0m]
[0m17:07:23.896777 [info ] [MainThread]: Required dependencies:
[0m17:07:23.897163 [debug] [MainThread]: Executing "git --help"
[0m17:07:23.899224 [debug] [MainThread]: STDOUT: "b"usage: git [--version] [--help] [-C <path>] [-c <name>=<value>]\n           [--exec-path[=<path>]] [--html-path] [--man-path] [--info-path]\n           [-p | --paginate | -P | --no-pager] [--no-replace-objects] [--bare]\n           [--git-dir=<path>] [--work-tree=<path>] [--namespace=<name>]\n           [--super-prefix=<path>] [--config-env=<name>=<envvar>]\n           <command> [<args>]\n\nThese are common Git commands used in various situations:\n\nstart a working area (see also: git help tutorial)\n   clone     Clone a repository into a new directory\n   init      Create an empty Git repository or reinitialize an existing one\n\nwork on the current change (see also: git help everyday)\n   add       Add file contents to the index\n   mv        Move or rename a file, a directory, or a symlink\n   restore   Restore working tree files\n   rm        Remove files from the working tree and from the index\n\nexamine the history and state (see also: git help revisions)\n   bisect    Use binary search to find the commit that introduced a bug\n   diff      Show changes between commits, commit and working tree, etc\n   grep      Print lines matching a pattern\n   log       Show commit logs\n   show      Show various types of objects\n   status    Show the working tree status\n\ngrow, mark and tweak your common history\n   branch    List, create, or delete branches\n   commit    Record changes to the repository\n   merge     Join two or more development histories together\n   rebase    Reapply commits on top of another base tip\n   reset     Reset current HEAD to the specified state\n   switch    Switch branches\n   tag       Create, list, delete or verify a tag object signed with GPG\n\ncollaborate (see also: git help workflows)\n   fetch     Download objects and refs from another repository\n   pull      Fetch from and integrate with another repository or a local branch\n   push      Update remote refs along with associated objects\n\n'git help -a' and 'git help -g' list available subcommands and some\nconcept guides. See 'git help <command>' or 'git help <concept>'\nto read about a specific subcommand or concept.\nSee 'git help git' for an overview of the system.\n""
[0m17:07:23.900436 [debug] [MainThread]: STDERR: "b''"
[0m17:07:23.901255 [info ] [MainThread]:  - git [[32mOK found[0m]

[0m17:07:23.901884 [info ] [MainThread]: Connection test skipped since no profile was found
[0m17:07:23.902339 [info ] [MainThread]: [31m1 check failed:[0m
[0m17:07:23.902720 [info ] [MainThread]: Profile loading failed for the following reason:
Runtime Error
  Credentials in profile "dbt_project", target "dev" invalid: Runtime Error
    Could not find adapter type postgres!


[0m17:07:23.903676 [debug] [MainThread]: Sending event: {'category': 'dbt', 'action': 'invocation', 'label': 'end', 'context': [<snowplow_tracker.self_describing_json.SelfDescribingJson object at 0x768a88eb59f0>, <snowplow_tracker.self_describing_json.SelfDescribingJson object at 0x768a8888f3a0>, <snowplow_tracker.self_describing_json.SelfDescribingJson object at 0x768a88d5b1f0>]}
[0m17:07:23.904148 [debug] [MainThread]: Flushing usage events
[0m17:28:59.571544 [debug] [MainThread]: Sending event: {'category': 'dbt', 'action': 'invocation', 'label': 'start', 'context': [<snowplow_tracker.self_describing_json.SelfDescribingJson object at 0x78cf902c9720>, <snowplow_tracker.self_describing_json.SelfDescribingJson object at 0x78cf8e806920>, <snowplow_tracker.self_describing_json.SelfDescribingJson object at 0x78cf8e8068c0>]}


============================== 17:28:59.574568 | b142d6d6-192c-410f-a800-6a5005dc72fc ==============================
[0m17:28:59.574568 [info ] [MainThread]: Running with dbt=1.8.8
[0m17:28:59.575212 [debug] [MainThread]: running dbt with arguments {'printer_width': '80', 'indirect_selection': 'eager', 'log_cache_events': 'False', 'write_json': 'True', 'partial_parse': 'True', 'cache_selected_only': 'False', 'warn_error': 'None', 'fail_fast': 'False', 'profiles_dir': '/home/prasannak/.dbt', 'log_path': '/home/prasannak/Documents/dbt_project/dbt_project/logs', 'debug': 'False', 'version_check': 'True', 'use_colors': 'True', 'use_experimental_parser': 'False', 'empty': 'None', 'quiet': 'False', 'no_print': 'None', 'warn_error_options': 'WarnErrorOptions(include=[], exclude=[])', 'static_parser': 'True', 'introspect': 'True', 'invocation_command': 'dbt debug', 'target_path': 'None', 'log_format': 'default', 'send_anonymous_usage_stats': 'True'}
[0m17:28:59.584838 [info ] [MainThread]: dbt version: 1.8.8
[0m17:28:59.585352 [info ] [MainThread]: python version: 3.10.12
[0m17:28:59.585715 [info ] [MainThread]: python path: /usr/bin/python3
[0m17:28:59.586052 [info ] [MainThread]: os info: Linux-6.12.10-76061203-generic-x86_64-with-glibc2.35
[0m17:28:59.591753 [info ] [MainThread]: Error importing adapter: No module named 'dbt.adapters.postgres'
[0m17:28:59.592698 [info ] [MainThread]: Using profiles dir at /home/prasannak/.dbt
[0m17:28:59.593049 [info ] [MainThread]: Using profiles.yml file at /home/prasannak/.dbt/profiles.yml
[0m17:28:59.593358 [info ] [MainThread]: Using dbt_project.yml file at /home/prasannak/Documents/dbt_project/dbt_project/dbt_project.yml
[0m17:28:59.710291 [info ] [MainThread]: Configuration:
[0m17:28:59.710773 [info ] [MainThread]:   profiles.yml file [[31mERROR invalid[0m]
[0m17:28:59.711070 [info ] [MainThread]:   dbt_project.yml file [[32mOK found and valid[0m]
[0m17:28:59.711378 [info ] [MainThread]: Required dependencies:
[0m17:28:59.711697 [debug] [MainThread]: Executing "git --help"
[0m17:28:59.713246 [debug] [MainThread]: STDOUT: "b"usage: git [--version] [--help] [-C <path>] [-c <name>=<value>]\n           [--exec-path[=<path>]] [--html-path] [--man-path] [--info-path]\n           [-p | --paginate | -P | --no-pager] [--no-replace-objects] [--bare]\n           [--git-dir=<path>] [--work-tree=<path>] [--namespace=<name>]\n           [--super-prefix=<path>] [--config-env=<name>=<envvar>]\n           <command> [<args>]\n\nThese are common Git commands used in various situations:\n\nstart a working area (see also: git help tutorial)\n   clone     Clone a repository into a new directory\n   init      Create an empty Git repository or reinitialize an existing one\n\nwork on the current change (see also: git help everyday)\n   add       Add file contents to the index\n   mv        Move or rename a file, a directory, or a symlink\n   restore   Restore working tree files\n   rm        Remove files from the working tree and from the index\n\nexamine the history and state (see also: git help revisions)\n   bisect    Use binary search to find the commit that introduced a bug\n   diff      Show changes between commits, commit and working tree, etc\n   grep      Print lines matching a pattern\n   log       Show commit logs\n   show      Show various types of objects\n   status    Show the working tree status\n\ngrow, mark and tweak your common history\n   branch    List, create, or delete branches\n   commit    Record changes to the repository\n   merge     Join two or more development histories together\n   rebase    Reapply commits on top of another base tip\n   reset     Reset current HEAD to the specified state\n   switch    Switch branches\n   tag       Create, list, delete or verify a tag object signed with GPG\n\ncollaborate (see also: git help workflows)\n   fetch     Download objects and refs from another repository\n   pull      Fetch from and integrate with another repository or a local branch\n   push      Update remote refs along with associated objects\n\n'git help -a' and 'git help -g' list available subcommands and some\nconcept guides. See 'git help <command>' or 'git help <concept>'\nto read about a specific subcommand or concept.\nSee 'git help git' for an overview of the system.\n""
[0m17:28:59.713643 [debug] [MainThread]: STDERR: "b''"
[0m17:28:59.713922 [info ] [MainThread]:  - git [[32mOK found[0m]

[0m17:28:59.714216 [info ] [MainThread]: Connection test skipped since no profile was found
[0m17:28:59.714513 [info ] [MainThread]: [31m1 check failed:[0m
[0m17:28:59.714859 [info ] [MainThread]: Profile loading failed for the following reason:
Runtime Error
  Credentials in profile "dbt_project", target "dev" invalid: Runtime Error
    Could not find adapter type postgres!


[0m17:28:59.715587 [debug] [MainThread]: Sending event: {'category': 'dbt', 'action': 'invocation', 'label': 'end', 'context': [<snowplow_tracker.self_describing_json.SelfDescribingJson object at 0x78cf902c9720>, <snowplow_tracker.self_describing_json.SelfDescribingJson object at 0x78cf8ea80850>, <snowplow_tracker.self_describing_json.SelfDescribingJson object at 0x78cf8fc95900>]}
[0m17:28:59.715990 [debug] [MainThread]: Flushing usage events
[0m17:31:42.939841 [debug] [MainThread]: Sending event: {'category': 'dbt', 'action': 'invocation', 'label': 'start', 'context': [<snowplow_tracker.self_describing_json.SelfDescribingJson object at 0x72751e65ceb0>, <snowplow_tracker.self_describing_json.SelfDescribingJson object at 0x72751d7cafb0>, <snowplow_tracker.self_describing_json.SelfDescribingJson object at 0x72751d7cbf70>]}


============================== 17:31:42.948980 | af26f58d-7561-4d57-8d33-e483580d9320 ==============================
[0m17:31:42.948980 [info ] [MainThread]: Running with dbt=1.9.3
[0m17:31:42.949509 [debug] [MainThread]: running dbt with arguments {'printer_width': '80', 'indirect_selection': 'eager', 'write_json': 'True', 'log_cache_events': 'False', 'partial_parse': 'True', 'cache_selected_only': 'False', 'profiles_dir': '/home/prasannak/.dbt', 'debug': 'False', 'fail_fast': 'False', 'log_path': '/home/prasannak/Documents/dbt_project/dbt_project/logs', 'version_check': 'True', 'warn_error': 'None', 'use_colors': 'True', 'use_experimental_parser': 'False', 'empty': 'None', 'quiet': 'False', 'no_print': 'None', 'warn_error_options': 'WarnErrorOptions(include=[], exclude=[])', 'static_parser': 'True', 'invocation_command': 'dbt debug', 'introspect': 'True', 'target_path': 'None', 'log_format': 'default', 'send_anonymous_usage_stats': 'True'}
[0m17:31:42.955266 [info ] [MainThread]: dbt version: 1.9.3
[0m17:31:42.955881 [info ] [MainThread]: python version: 3.10.12
[0m17:31:42.956401 [info ] [MainThread]: python path: /usr/bin/python3
[0m17:31:42.956822 [info ] [MainThread]: os info: Linux-6.12.10-76061203-generic-x86_64-with-glibc2.35
[0m17:31:43.014605 [info ] [MainThread]: Using profiles dir at /home/prasannak/.dbt
[0m17:31:43.015197 [info ] [MainThread]: Using profiles.yml file at /home/prasannak/.dbt/profiles.yml
[0m17:31:43.015522 [info ] [MainThread]: Using dbt_project.yml file at /home/prasannak/Documents/dbt_project/dbt_project/dbt_project.yml
[0m17:31:43.016256 [info ] [MainThread]: adapter type: postgres
[0m17:31:43.016649 [info ] [MainThread]: adapter version: 1.9.0
[0m17:31:43.150477 [info ] [MainThread]: Configuration:
[0m17:31:43.151009 [info ] [MainThread]:   profiles.yml file [[32mOK found and valid[0m]
[0m17:31:43.151568 [info ] [MainThread]:   dbt_project.yml file [[32mOK found and valid[0m]
[0m17:31:43.151886 [info ] [MainThread]: Required dependencies:
[0m17:31:43.152217 [debug] [MainThread]: Executing "git --help"
[0m17:31:43.154015 [debug] [MainThread]: STDOUT: "b"usage: git [--version] [--help] [-C <path>] [-c <name>=<value>]\n           [--exec-path[=<path>]] [--html-path] [--man-path] [--info-path]\n           [-p | --paginate | -P | --no-pager] [--no-replace-objects] [--bare]\n           [--git-dir=<path>] [--work-tree=<path>] [--namespace=<name>]\n           [--super-prefix=<path>] [--config-env=<name>=<envvar>]\n           <command> [<args>]\n\nThese are common Git commands used in various situations:\n\nstart a working area (see also: git help tutorial)\n   clone     Clone a repository into a new directory\n   init      Create an empty Git repository or reinitialize an existing one\n\nwork on the current change (see also: git help everyday)\n   add       Add file contents to the index\n   mv        Move or rename a file, a directory, or a symlink\n   restore   Restore working tree files\n   rm        Remove files from the working tree and from the index\n\nexamine the history and state (see also: git help revisions)\n   bisect    Use binary search to find the commit that introduced a bug\n   diff      Show changes between commits, commit and working tree, etc\n   grep      Print lines matching a pattern\n   log       Show commit logs\n   show      Show various types of objects\n   status    Show the working tree status\n\ngrow, mark and tweak your common history\n   branch    List, create, or delete branches\n   commit    Record changes to the repository\n   merge     Join two or more development histories together\n   rebase    Reapply commits on top of another base tip\n   reset     Reset current HEAD to the specified state\n   switch    Switch branches\n   tag       Create, list, delete or verify a tag object signed with GPG\n\ncollaborate (see also: git help workflows)\n   fetch     Download objects and refs from another repository\n   pull      Fetch from and integrate with another repository or a local branch\n   push      Update remote refs along with associated objects\n\n'git help -a' and 'git help -g' list available subcommands and some\nconcept guides. See 'git help <command>' or 'git help <concept>'\nto read about a specific subcommand or concept.\nSee 'git help git' for an overview of the system.\n""
[0m17:31:43.156640 [debug] [MainThread]: STDERR: "b''"
[0m17:31:43.166943 [info ] [MainThread]:  - git [[32mOK found[0m]

[0m17:31:43.167726 [info ] [MainThread]: Connection:
[0m17:31:43.168117 [info ] [MainThread]:   host: localhost
[0m17:31:43.168438 [info ] [MainThread]:   port: 5432
[0m17:31:43.168731 [info ] [MainThread]:   user: postgres
[0m17:31:43.169191 [info ] [MainThread]:   database: postgres
[0m17:31:43.169605 [info ] [MainThread]:   schema: public
[0m17:31:43.169928 [info ] [MainThread]:   connect_timeout: 10
[0m17:31:43.170249 [info ] [MainThread]:   role: None
[0m17:31:43.170507 [info ] [MainThread]:   search_path: None
[0m17:31:43.170780 [info ] [MainThread]:   keepalives_idle: 0
[0m17:31:43.171030 [info ] [MainThread]:   sslmode: None
[0m17:31:43.171278 [info ] [MainThread]:   sslcert: None
[0m17:31:43.171516 [info ] [MainThread]:   sslkey: None
[0m17:31:43.171750 [info ] [MainThread]:   sslrootcert: None
[0m17:31:43.171987 [info ] [MainThread]:   application_name: dbt
[0m17:31:43.172254 [info ] [MainThread]:   retries: 1
[0m17:31:43.181326 [info ] [MainThread]: Registered adapter: postgres=1.9.0
[0m17:31:43.281755 [debug] [MainThread]: Acquiring new postgres connection 'debug'
[0m17:31:43.301251 [debug] [MainThread]: Using postgres connection "debug"
[0m17:31:43.301684 [debug] [MainThread]: On debug: select 1 as id
[0m17:31:43.301977 [debug] [MainThread]: Opening a new connection, currently in state init
[0m17:31:43.308422 [debug] [MainThread]: Postgres adapter: Got a retryable error when attempting to open a postgres connection.
1 attempts remaining. Retrying in 0 seconds.
Error:
connection to server at "localhost" (::1), port 5432 failed: FATAL:  password authentication failed for user "postgres"

[0m17:31:43.310809 [debug] [MainThread]: Postgres adapter: Error running SQL: select 1 as id
[0m17:31:43.311226 [debug] [MainThread]: Postgres adapter: Rolling back transaction.
[0m17:31:43.311527 [debug] [MainThread]: On debug: No close available on handle
[0m17:31:43.311809 [info ] [MainThread]:   Connection test: [[31mERROR[0m]

[0m17:31:43.312122 [info ] [MainThread]: [31m1 check failed:[0m
[0m17:31:43.312402 [info ] [MainThread]: dbt was unable to connect to the specified database.
The database returned the following error:

  >Database Error
  connection to server at "localhost" (::1), port 5432 failed: FATAL:  password authentication failed for user "postgres"
  

Check your database credentials and try again. For more information, visit:
https://docs.getdbt.com/docs/configure-your-profile


[0m17:31:43.313317 [debug] [MainThread]: Resource report: {"command_name": "debug", "command_success": false, "command_wall_clock_time": 0.43930948, "process_in_blocks": "4464", "process_kernel_time": 0.085016, "process_mem_max_rss": "114388", "process_out_blocks": "16", "process_user_time": 1.648312}
[0m17:31:43.313996 [debug] [MainThread]: Command `dbt debug` failed at 17:31:43.313887 after 0.44 seconds
[0m17:31:43.314399 [debug] [MainThread]: Connection 'debug' was properly closed.
[0m17:31:43.314750 [debug] [MainThread]: Sending event: {'category': 'dbt', 'action': 'invocation', 'label': 'end', 'context': [<snowplow_tracker.self_describing_json.SelfDescribingJson object at 0x72751e65ceb0>, <snowplow_tracker.self_describing_json.SelfDescribingJson object at 0x72751d791390>, <snowplow_tracker.self_describing_json.SelfDescribingJson object at 0x72751e7025f0>]}
[0m17:31:43.315420 [debug] [MainThread]: Flushing usage events
[0m17:31:44.505896 [debug] [MainThread]: An error was encountered while trying to flush usage events
[0m17:35:08.626462 [debug] [MainThread]: Sending event: {'category': 'dbt', 'action': 'invocation', 'label': 'start', 'context': [<snowplow_tracker.self_describing_json.SelfDescribingJson object at 0x75282fbc8fa0>, <snowplow_tracker.self_describing_json.SelfDescribingJson object at 0x75282fc83010>, <snowplow_tracker.self_describing_json.SelfDescribingJson object at 0x75282ed342b0>]}


============================== 17:35:08.628818 | 6c1035f4-9f22-4d80-8fe1-eff647b4ff03 ==============================
[0m17:35:08.628818 [info ] [MainThread]: Running with dbt=1.9.3
[0m17:35:08.629296 [debug] [MainThread]: running dbt with arguments {'printer_width': '80', 'indirect_selection': 'eager', 'log_cache_events': 'False', 'write_json': 'True', 'partial_parse': 'True', 'cache_selected_only': 'False', 'warn_error': 'None', 'debug': 'False', 'version_check': 'True', 'log_path': '/home/prasannak/Documents/dbt_project/dbt_project/logs', 'fail_fast': 'False', 'profiles_dir': '/home/prasannak/.dbt', 'use_colors': 'True', 'use_experimental_parser': 'False', 'empty': 'None', 'quiet': 'False', 'no_print': 'None', 'log_format': 'default', 'invocation_command': 'dbt debug', 'static_parser': 'True', 'introspect': 'True', 'target_path': 'None', 'warn_error_options': 'WarnErrorOptions(include=[], exclude=[])', 'send_anonymous_usage_stats': 'True'}
[0m17:35:08.634443 [info ] [MainThread]: dbt version: 1.9.3
[0m17:35:08.634940 [info ] [MainThread]: python version: 3.10.12
[0m17:35:08.635250 [info ] [MainThread]: python path: /usr/bin/python3
[0m17:35:08.635529 [info ] [MainThread]: os info: Linux-6.12.10-76061203-generic-x86_64-with-glibc2.35
[0m17:35:08.687358 [info ] [MainThread]: Using profiles dir at /home/prasannak/.dbt
[0m17:35:08.687849 [info ] [MainThread]: Using profiles.yml file at /home/prasannak/.dbt/profiles.yml
[0m17:35:08.688225 [info ] [MainThread]: Using dbt_project.yml file at /home/prasannak/Documents/dbt_project/dbt_project/dbt_project.yml
[0m17:35:08.688674 [info ] [MainThread]: adapter type: postgres
[0m17:35:08.689004 [info ] [MainThread]: adapter version: 1.9.0
[0m17:35:08.810956 [info ] [MainThread]: Configuration:
[0m17:35:08.811513 [info ] [MainThread]:   profiles.yml file [[32mOK found and valid[0m]
[0m17:35:08.811841 [info ] [MainThread]:   dbt_project.yml file [[32mOK found and valid[0m]
[0m17:35:08.812127 [info ] [MainThread]: Required dependencies:
[0m17:35:08.812420 [debug] [MainThread]: Executing "git --help"
[0m17:35:08.814170 [debug] [MainThread]: STDOUT: "b"usage: git [--version] [--help] [-C <path>] [-c <name>=<value>]\n           [--exec-path[=<path>]] [--html-path] [--man-path] [--info-path]\n           [-p | --paginate | -P | --no-pager] [--no-replace-objects] [--bare]\n           [--git-dir=<path>] [--work-tree=<path>] [--namespace=<name>]\n           [--super-prefix=<path>] [--config-env=<name>=<envvar>]\n           <command> [<args>]\n\nThese are common Git commands used in various situations:\n\nstart a working area (see also: git help tutorial)\n   clone     Clone a repository into a new directory\n   init      Create an empty Git repository or reinitialize an existing one\n\nwork on the current change (see also: git help everyday)\n   add       Add file contents to the index\n   mv        Move or rename a file, a directory, or a symlink\n   restore   Restore working tree files\n   rm        Remove files from the working tree and from the index\n\nexamine the history and state (see also: git help revisions)\n   bisect    Use binary search to find the commit that introduced a bug\n   diff      Show changes between commits, commit and working tree, etc\n   grep      Print lines matching a pattern\n   log       Show commit logs\n   show      Show various types of objects\n   status    Show the working tree status\n\ngrow, mark and tweak your common history\n   branch    List, create, or delete branches\n   commit    Record changes to the repository\n   merge     Join two or more development histories together\n   rebase    Reapply commits on top of another base tip\n   reset     Reset current HEAD to the specified state\n   switch    Switch branches\n   tag       Create, list, delete or verify a tag object signed with GPG\n\ncollaborate (see also: git help workflows)\n   fetch     Download objects and refs from another repository\n   pull      Fetch from and integrate with another repository or a local branch\n   push      Update remote refs along with associated objects\n\n'git help -a' and 'git help -g' list available subcommands and some\nconcept guides. See 'git help <command>' or 'git help <concept>'\nto read about a specific subcommand or concept.\nSee 'git help git' for an overview of the system.\n""
[0m17:35:08.814540 [debug] [MainThread]: STDERR: "b''"
[0m17:35:08.814857 [info ] [MainThread]:  - git [[32mOK found[0m]

[0m17:35:08.815204 [info ] [MainThread]: Connection:
[0m17:35:08.815499 [info ] [MainThread]:   host: localhost
[0m17:35:08.815797 [info ] [MainThread]:   port: 5432
[0m17:35:08.816203 [info ] [MainThread]:   user: admin
[0m17:35:08.816620 [info ] [MainThread]:   database: metastore_db
[0m17:35:08.817007 [info ] [MainThread]:   schema: public
[0m17:35:08.817281 [info ] [MainThread]:   connect_timeout: 10
[0m17:35:08.817531 [info ] [MainThread]:   role: None
[0m17:35:08.817773 [info ] [MainThread]:   search_path: None
[0m17:35:08.818007 [info ] [MainThread]:   keepalives_idle: 0
[0m17:35:08.818320 [info ] [MainThread]:   sslmode: None
[0m17:35:08.818699 [info ] [MainThread]:   sslcert: None
[0m17:35:08.819113 [info ] [MainThread]:   sslkey: None
[0m17:35:08.819487 [info ] [MainThread]:   sslrootcert: None
[0m17:35:08.819837 [info ] [MainThread]:   application_name: dbt
[0m17:35:08.820164 [info ] [MainThread]:   retries: 1
[0m17:35:08.820603 [info ] [MainThread]: Registered adapter: postgres=1.9.0
[0m17:35:08.884971 [debug] [MainThread]: Acquiring new postgres connection 'debug'
[0m17:35:08.900398 [debug] [MainThread]: Using postgres connection "debug"
[0m17:35:08.900840 [debug] [MainThread]: On debug: select 1 as id
[0m17:35:08.901138 [debug] [MainThread]: Opening a new connection, currently in state init
[0m17:35:08.904597 [debug] [MainThread]: SQL status: SELECT 1 in 0.003 seconds
[0m17:35:08.905443 [debug] [MainThread]: On debug: Close
[0m17:35:08.905792 [info ] [MainThread]:   Connection test: [[32mOK connection ok[0m]

[0m17:35:08.906104 [info ] [MainThread]: [32mAll checks passed![0m
[0m17:35:08.906879 [debug] [MainThread]: Resource report: {"command_name": "debug", "command_success": true, "command_wall_clock_time": 0.33766928, "process_in_blocks": "232", "process_kernel_time": 0.07599, "process_mem_max_rss": "114500", "process_out_blocks": "16", "process_user_time": 1.514814}
[0m17:35:08.907391 [debug] [MainThread]: Command `dbt debug` succeeded at 17:35:08.907302 after 0.34 seconds
[0m17:35:08.907700 [debug] [MainThread]: Connection 'debug' was properly closed.
[0m17:35:08.908002 [debug] [MainThread]: Sending event: {'category': 'dbt', 'action': 'invocation', 'label': 'end', 'context': [<snowplow_tracker.self_describing_json.SelfDescribingJson object at 0x75282fbc8fa0>, <snowplow_tracker.self_describing_json.SelfDescribingJson object at 0x75282ecfc1c0>, <snowplow_tracker.self_describing_json.SelfDescribingJson object at 0x75282fc3fcd0>]}
[0m17:35:08.908381 [debug] [MainThread]: Flushing usage events
[0m17:35:10.166686 [debug] [MainThread]: An error was encountered while trying to flush usage events
[0m17:35:41.074551 [debug] [MainThread]: Sending event: {'category': 'dbt', 'action': 'invocation', 'label': 'start', 'context': [<snowplow_tracker.self_describing_json.SelfDescribingJson object at 0x7c0947c55120>, <snowplow_tracker.self_describing_json.SelfDescribingJson object at 0x7c0947d1e5c0>, <snowplow_tracker.self_describing_json.SelfDescribingJson object at 0x7c0946f76b90>]}


============================== 17:35:41.077056 | 94220170-5383-4c6d-91e1-db619cf2c50b ==============================
[0m17:35:41.077056 [info ] [MainThread]: Running with dbt=1.9.3
[0m17:35:41.077637 [debug] [MainThread]: running dbt with arguments {'printer_width': '80', 'indirect_selection': 'eager', 'log_cache_events': 'False', 'write_json': 'True', 'partial_parse': 'True', 'cache_selected_only': 'False', 'warn_error': 'None', 'debug': 'False', 'version_check': 'True', 'log_path': '/home/prasannak/Documents/dbt_project/dbt_project/logs', 'fail_fast': 'False', 'profiles_dir': '/home/prasannak/.dbt', 'use_colors': 'True', 'use_experimental_parser': 'False', 'empty': 'None', 'quiet': 'False', 'no_print': 'None', 'log_format': 'default', 'static_parser': 'True', 'invocation_command': 'dbt ', 'warn_error_options': 'WarnErrorOptions(include=[], exclude=[])', 'target_path': 'None', 'introspect': 'True', 'send_anonymous_usage_stats': 'True'}
[0m17:35:41.084194 [info ] [MainThread]: dbt version: 1.9.3
[0m17:35:41.084709 [info ] [MainThread]: python version: 3.10.12
[0m17:35:41.085129 [info ] [MainThread]: python path: /bin/python3
[0m17:35:41.085510 [info ] [MainThread]: os info: Linux-6.12.10-76061203-generic-x86_64-with-glibc2.35
[0m17:35:41.172317 [info ] [MainThread]: Using profiles dir at /home/prasannak/.dbt
[0m17:35:41.172864 [info ] [MainThread]: Using profiles.yml file at /home/prasannak/.dbt/profiles.yml
[0m17:35:41.173253 [info ] [MainThread]: Using dbt_project.yml file at /home/prasannak/Documents/dbt_project/dbt_project/dbt_project.yml
[0m17:35:41.173809 [info ] [MainThread]: adapter type: postgres
[0m17:35:41.174155 [info ] [MainThread]: adapter version: 1.9.0
[0m17:35:41.299595 [info ] [MainThread]: Configuration:
[0m17:35:41.300294 [info ] [MainThread]:   profiles.yml file [[32mOK found and valid[0m]
[0m17:35:41.300821 [info ] [MainThread]:   dbt_project.yml file [[32mOK found and valid[0m]
[0m17:35:41.301327 [info ] [MainThread]: Required dependencies:
[0m17:35:41.301782 [debug] [MainThread]: Executing "git --help"
[0m17:35:41.303481 [debug] [MainThread]: STDOUT: "b"usage: git [--version] [--help] [-C <path>] [-c <name>=<value>]\n           [--exec-path[=<path>]] [--html-path] [--man-path] [--info-path]\n           [-p | --paginate | -P | --no-pager] [--no-replace-objects] [--bare]\n           [--git-dir=<path>] [--work-tree=<path>] [--namespace=<name>]\n           [--super-prefix=<path>] [--config-env=<name>=<envvar>]\n           <command> [<args>]\n\nThese are common Git commands used in various situations:\n\nstart a working area (see also: git help tutorial)\n   clone     Clone a repository into a new directory\n   init      Create an empty Git repository or reinitialize an existing one\n\nwork on the current change (see also: git help everyday)\n   add       Add file contents to the index\n   mv        Move or rename a file, a directory, or a symlink\n   restore   Restore working tree files\n   rm        Remove files from the working tree and from the index\n\nexamine the history and state (see also: git help revisions)\n   bisect    Use binary search to find the commit that introduced a bug\n   diff      Show changes between commits, commit and working tree, etc\n   grep      Print lines matching a pattern\n   log       Show commit logs\n   show      Show various types of objects\n   status    Show the working tree status\n\ngrow, mark and tweak your common history\n   branch    List, create, or delete branches\n   commit    Record changes to the repository\n   merge     Join two or more development histories together\n   rebase    Reapply commits on top of another base tip\n   reset     Reset current HEAD to the specified state\n   switch    Switch branches\n   tag       Create, list, delete or verify a tag object signed with GPG\n\ncollaborate (see also: git help workflows)\n   fetch     Download objects and refs from another repository\n   pull      Fetch from and integrate with another repository or a local branch\n   push      Update remote refs along with associated objects\n\n'git help -a' and 'git help -g' list available subcommands and some\nconcept guides. See 'git help <command>' or 'git help <concept>'\nto read about a specific subcommand or concept.\nSee 'git help git' for an overview of the system.\n""
[0m17:35:41.303924 [debug] [MainThread]: STDERR: "b''"
[0m17:35:41.304262 [info ] [MainThread]:  - git [[32mOK found[0m]

[0m17:35:41.304594 [info ] [MainThread]: Connection:
[0m17:35:41.304983 [info ] [MainThread]:   host: localhost
[0m17:35:41.305326 [info ] [MainThread]:   port: 5432
[0m17:35:41.305655 [info ] [MainThread]:   user: admin
[0m17:35:41.305991 [info ] [MainThread]:   database: metastore_db
[0m17:35:41.306326 [info ] [MainThread]:   schema: public
[0m17:35:41.306653 [info ] [MainThread]:   connect_timeout: 10
[0m17:35:41.306963 [info ] [MainThread]:   role: None
[0m17:35:41.307279 [info ] [MainThread]:   search_path: None
[0m17:35:41.307584 [info ] [MainThread]:   keepalives_idle: 0
[0m17:35:41.307892 [info ] [MainThread]:   sslmode: None
[0m17:35:41.308210 [info ] [MainThread]:   sslcert: None
[0m17:35:41.308522 [info ] [MainThread]:   sslkey: None
[0m17:35:41.308826 [info ] [MainThread]:   sslrootcert: None
[0m17:35:41.309143 [info ] [MainThread]:   application_name: dbt
[0m17:35:41.309456 [info ] [MainThread]:   retries: 1
[0m17:35:41.309927 [info ] [MainThread]: Registered adapter: postgres=1.9.0
[0m17:35:41.369378 [debug] [MainThread]: Acquiring new postgres connection 'debug'
[0m17:35:41.386850 [debug] [MainThread]: Using postgres connection "debug"
[0m17:35:41.387322 [debug] [MainThread]: On debug: select 1 as id
[0m17:35:41.387638 [debug] [MainThread]: Opening a new connection, currently in state init
[0m17:35:41.391584 [debug] [MainThread]: SQL status: SELECT 1 in 0.004 seconds
[0m17:35:41.392509 [debug] [MainThread]: On debug: Close
[0m17:35:41.392901 [info ] [MainThread]:   Connection test: [[32mOK connection ok[0m]

[0m17:35:41.393282 [info ] [MainThread]: [32mAll checks passed![0m
[0m17:35:41.394383 [debug] [MainThread]: Resource report: {"command_name": "debug", "command_success": true, "command_wall_clock_time": 0.39980015, "process_in_blocks": "0", "process_kernel_time": 0.076961, "process_mem_max_rss": "114552", "process_out_blocks": "16", "process_user_time": 1.617198}
[0m17:35:41.395178 [debug] [MainThread]: Command `cli debug` succeeded at 17:35:41.395010 after 0.40 seconds
[0m17:35:41.395721 [debug] [MainThread]: Connection 'debug' was properly closed.
[0m17:35:41.396500 [debug] [MainThread]: Sending event: {'category': 'dbt', 'action': 'invocation', 'label': 'end', 'context': [<snowplow_tracker.self_describing_json.SelfDescribingJson object at 0x7c0947c55120>, <snowplow_tracker.self_describing_json.SelfDescribingJson object at 0x7c0947d1e0b0>, <snowplow_tracker.self_describing_json.SelfDescribingJson object at 0x7c0946dcf7f0>]}
[0m17:35:41.396976 [debug] [MainThread]: Flushing usage events
[0m17:35:42.610300 [debug] [MainThread]: An error was encountered while trying to flush usage events
[0m17:35:56.115380 [debug] [MainThread]: Sending event: {'category': 'dbt', 'action': 'invocation', 'label': 'start', 'context': [<snowplow_tracker.self_describing_json.SelfDescribingJson object at 0x77b764315180>, <snowplow_tracker.self_describing_json.SelfDescribingJson object at 0x77b763636f50>, <snowplow_tracker.self_describing_json.SelfDescribingJson object at 0x77b763636d40>]}


============================== 17:35:56.117924 | 593c6dda-d8ce-400f-94d4-d22f7d579688 ==============================
[0m17:35:56.117924 [info ] [MainThread]: Running with dbt=1.9.3
[0m17:35:56.118491 [debug] [MainThread]: running dbt with arguments {'printer_width': '80', 'indirect_selection': 'eager', 'write_json': 'True', 'log_cache_events': 'False', 'partial_parse': 'True', 'cache_selected_only': 'False', 'profiles_dir': '/home/prasannak/.dbt', 'debug': 'False', 'version_check': 'True', 'log_path': '/home/prasannak/Documents/dbt_project/dbt_project/logs', 'warn_error': 'None', 'fail_fast': 'False', 'use_colors': 'True', 'use_experimental_parser': 'False', 'no_print': 'None', 'quiet': 'False', 'empty': 'None', 'log_format': 'default', 'static_parser': 'True', 'invocation_command': 'dbt ', 'warn_error_options': 'WarnErrorOptions(include=[], exclude=[])', 'target_path': 'None', 'introspect': 'True', 'send_anonymous_usage_stats': 'True'}
[0m17:35:56.124949 [info ] [MainThread]: dbt version: 1.9.3
[0m17:35:56.125599 [info ] [MainThread]: python version: 3.10.12
[0m17:35:56.126186 [info ] [MainThread]: python path: /bin/python3
[0m17:35:56.126680 [info ] [MainThread]: os info: Linux-6.12.10-76061203-generic-x86_64-with-glibc2.35
[0m17:35:56.196914 [info ] [MainThread]: Using profiles dir at /home/prasannak/.dbt
[0m17:35:56.197439 [info ] [MainThread]: Using profiles.yml file at /home/prasannak/.dbt/profiles.yml
[0m17:35:56.197794 [info ] [MainThread]: Using dbt_project.yml file at /home/prasannak/Documents/dbt_project/dbt_project/dbt_project.yml
[0m17:35:56.198532 [info ] [MainThread]: adapter type: postgres
[0m17:35:56.198977 [info ] [MainThread]: adapter version: 1.9.0
[0m17:35:56.337149 [info ] [MainThread]: Configuration:
[0m17:35:56.337661 [info ] [MainThread]:   profiles.yml file [[32mOK found and valid[0m]
[0m17:35:56.337999 [info ] [MainThread]:   dbt_project.yml file [[32mOK found and valid[0m]
[0m17:35:56.338336 [info ] [MainThread]: Required dependencies:
[0m17:35:56.338734 [debug] [MainThread]: Executing "git --help"
[0m17:35:56.340515 [debug] [MainThread]: STDOUT: "b"usage: git [--version] [--help] [-C <path>] [-c <name>=<value>]\n           [--exec-path[=<path>]] [--html-path] [--man-path] [--info-path]\n           [-p | --paginate | -P | --no-pager] [--no-replace-objects] [--bare]\n           [--git-dir=<path>] [--work-tree=<path>] [--namespace=<name>]\n           [--super-prefix=<path>] [--config-env=<name>=<envvar>]\n           <command> [<args>]\n\nThese are common Git commands used in various situations:\n\nstart a working area (see also: git help tutorial)\n   clone     Clone a repository into a new directory\n   init      Create an empty Git repository or reinitialize an existing one\n\nwork on the current change (see also: git help everyday)\n   add       Add file contents to the index\n   mv        Move or rename a file, a directory, or a symlink\n   restore   Restore working tree files\n   rm        Remove files from the working tree and from the index\n\nexamine the history and state (see also: git help revisions)\n   bisect    Use binary search to find the commit that introduced a bug\n   diff      Show changes between commits, commit and working tree, etc\n   grep      Print lines matching a pattern\n   log       Show commit logs\n   show      Show various types of objects\n   status    Show the working tree status\n\ngrow, mark and tweak your common history\n   branch    List, create, or delete branches\n   commit    Record changes to the repository\n   merge     Join two or more development histories together\n   rebase    Reapply commits on top of another base tip\n   reset     Reset current HEAD to the specified state\n   switch    Switch branches\n   tag       Create, list, delete or verify a tag object signed with GPG\n\ncollaborate (see also: git help workflows)\n   fetch     Download objects and refs from another repository\n   pull      Fetch from and integrate with another repository or a local branch\n   push      Update remote refs along with associated objects\n\n'git help -a' and 'git help -g' list available subcommands and some\nconcept guides. See 'git help <command>' or 'git help <concept>'\nto read about a specific subcommand or concept.\nSee 'git help git' for an overview of the system.\n""
[0m17:35:56.340950 [debug] [MainThread]: STDERR: "b''"
[0m17:35:56.341296 [info ] [MainThread]:  - git [[32mOK found[0m]

[0m17:35:56.341632 [info ] [MainThread]: Connection:
[0m17:35:56.341976 [info ] [MainThread]:   host: localhost
[0m17:35:56.342396 [info ] [MainThread]:   port: 5432
[0m17:35:56.342752 [info ] [MainThread]:   user: admin
[0m17:35:56.343182 [info ] [MainThread]:   database: metastore_db
[0m17:35:56.343567 [info ] [MainThread]:   schema: public
[0m17:35:56.343880 [info ] [MainThread]:   connect_timeout: 10
[0m17:35:56.344211 [info ] [MainThread]:   role: None
[0m17:35:56.344548 [info ] [MainThread]:   search_path: None
[0m17:35:56.344857 [info ] [MainThread]:   keepalives_idle: 0
[0m17:35:56.345155 [info ] [MainThread]:   sslmode: None
[0m17:35:56.345441 [info ] [MainThread]:   sslcert: None
[0m17:35:56.345721 [info ] [MainThread]:   sslkey: None
[0m17:35:56.345998 [info ] [MainThread]:   sslrootcert: None
[0m17:35:56.346281 [info ] [MainThread]:   application_name: dbt
[0m17:35:56.346565 [info ] [MainThread]:   retries: 1
[0m17:35:56.347006 [info ] [MainThread]: Registered adapter: postgres=1.9.0
[0m17:35:56.413693 [debug] [MainThread]: Acquiring new postgres connection 'debug'
[0m17:35:56.432154 [debug] [MainThread]: Using postgres connection "debug"
[0m17:35:56.432648 [debug] [MainThread]: On debug: select 1 as id
[0m17:35:56.433017 [debug] [MainThread]: Opening a new connection, currently in state init
[0m17:35:56.436991 [debug] [MainThread]: SQL status: SELECT 1 in 0.004 seconds
[0m17:35:56.437970 [debug] [MainThread]: On debug: Close
[0m17:35:56.438393 [info ] [MainThread]:   Connection test: [[32mOK connection ok[0m]

[0m17:35:56.438779 [info ] [MainThread]: [32mAll checks passed![0m
[0m17:35:56.439814 [debug] [MainThread]: Resource report: {"command_name": "debug", "command_success": true, "command_wall_clock_time": 0.44458932, "process_in_blocks": "0", "process_kernel_time": 0.110991, "process_mem_max_rss": "114364", "process_out_blocks": "24", "process_user_time": 1.797866}
[0m17:35:56.440405 [debug] [MainThread]: Command `cli debug` succeeded at 17:35:56.440306 after 0.45 seconds
[0m17:35:56.440763 [debug] [MainThread]: Connection 'debug' was properly closed.
[0m17:35:56.441131 [debug] [MainThread]: Sending event: {'category': 'dbt', 'action': 'invocation', 'label': 'end', 'context': [<snowplow_tracker.self_describing_json.SelfDescribingJson object at 0x77b764315180>, <snowplow_tracker.self_describing_json.SelfDescribingJson object at 0x77b763426710>, <snowplow_tracker.self_describing_json.SelfDescribingJson object at 0x77b76348a050>]}
[0m17:35:56.441540 [debug] [MainThread]: Flushing usage events
[0m17:35:57.748908 [debug] [MainThread]: An error was encountered while trying to flush usage events
[0m17:39:22.199971 [debug] [MainThread]: Sending event: {'category': 'dbt', 'action': 'invocation', 'label': 'start', 'context': [<snowplow_tracker.self_describing_json.SelfDescribingJson object at 0x750725dfd270>, <snowplow_tracker.self_describing_json.SelfDescribingJson object at 0x750724ff34f0>, <snowplow_tracker.self_describing_json.SelfDescribingJson object at 0x750724ff3490>]}


============================== 17:39:22.202504 | 97f4a858-a557-431b-a60f-f7c15652158b ==============================
[0m17:39:22.202504 [info ] [MainThread]: Running with dbt=1.9.3
[0m17:39:22.203082 [debug] [MainThread]: running dbt with arguments {'printer_width': '80', 'indirect_selection': 'eager', 'log_cache_events': 'False', 'write_json': 'True', 'partial_parse': 'True', 'cache_selected_only': 'False', 'profiles_dir': '/home/prasannak/.dbt', 'debug': 'False', 'version_check': 'True', 'log_path': '/home/prasannak/Documents/dbt_project/dbt_project/logs', 'fail_fast': 'False', 'warn_error': 'None', 'use_colors': 'True', 'use_experimental_parser': 'False', 'no_print': 'None', 'quiet': 'False', 'empty': 'False', 'log_format': 'default', 'invocation_command': 'dbt ', 'warn_error_options': 'WarnErrorOptions(include=[], exclude=[])', 'static_parser': 'True', 'target_path': 'None', 'introspect': 'True', 'send_anonymous_usage_stats': 'True'}
[0m17:39:22.417755 [debug] [MainThread]: Sending event: {'category': 'dbt', 'action': 'project_id', 'label': '97f4a858-a557-431b-a60f-f7c15652158b', 'context': [<snowplow_tracker.self_describing_json.SelfDescribingJson object at 0x750727054b50>]}
[0m17:39:22.502123 [debug] [MainThread]: Sending event: {'category': 'dbt', 'action': 'adapter_info', 'label': '97f4a858-a557-431b-a60f-f7c15652158b', 'context': [<snowplow_tracker.self_describing_json.SelfDescribingJson object at 0x75072511bc40>]}
[0m17:39:22.503027 [info ] [MainThread]: Registered adapter: postgres=1.9.0
[0m17:39:22.617172 [debug] [MainThread]: checksum: 5671c00892cdbcef29c3b00cc5ba7510c3d18a35c883caeb9ab9ee266dc29c8f, vars: {}, profile: , target: , version: 1.9.3
[0m17:39:22.617899 [info ] [MainThread]: Unable to do partial parsing because saved manifest not found. Starting full parse.
[0m17:39:22.618313 [debug] [MainThread]: Sending event: {'category': 'dbt', 'action': 'partial_parser', 'label': '97f4a858-a557-431b-a60f-f7c15652158b', 'context': [<snowplow_tracker.self_describing_json.SelfDescribingJson object at 0x7507245a6a10>]}
[0m17:39:25.437033 [debug] [MainThread]: Sending event: {'category': 'dbt', 'action': 'load_project', 'label': '97f4a858-a557-431b-a60f-f7c15652158b', 'context': [<snowplow_tracker.self_describing_json.SelfDescribingJson object at 0x7507219d5b70>]}
[0m17:39:25.586513 [debug] [MainThread]: Wrote artifact WritableManifest to /home/prasannak/Documents/dbt_project/dbt_project/target/manifest.json
[0m17:39:25.591675 [debug] [MainThread]: Wrote artifact SemanticManifest to /home/prasannak/Documents/dbt_project/dbt_project/target/semantic_manifest.json
[0m17:39:25.621973 [debug] [MainThread]: Sending event: {'category': 'dbt', 'action': 'resource_counts', 'label': '97f4a858-a557-431b-a60f-f7c15652158b', 'context': [<snowplow_tracker.self_describing_json.SelfDescribingJson object at 0x75072197e9e0>]}
[0m17:39:25.622613 [info ] [MainThread]: Found 11 models, 4 snapshots, 8 data tests, 1 seed, 585 macros
[0m17:39:25.624652 [info ] [MainThread]: 
[0m17:39:25.625287 [info ] [MainThread]: Concurrency: 1 threads (target='dev')
[0m17:39:25.625928 [info ] [MainThread]: 
[0m17:39:25.627363 [debug] [MainThread]: Acquiring new postgres connection 'master'
[0m17:39:25.629468 [debug] [ThreadPool]: Acquiring new postgres connection 'list_metastore_db'
[0m17:39:25.741424 [debug] [ThreadPool]: Using postgres connection "list_metastore_db"
[0m17:39:25.742063 [debug] [ThreadPool]: On list_metastore_db: /* {"app": "dbt", "dbt_version": "1.9.3", "profile_name": "dbt_project", "target_name": "dev", "connection_name": "list_metastore_db"} */

    select distinct nspname from pg_namespace
  
[0m17:39:25.742511 [debug] [ThreadPool]: Opening a new connection, currently in state init
[0m17:39:25.749254 [debug] [ThreadPool]: SQL status: SELECT 6 in 0.007 seconds
[0m17:39:25.750693 [debug] [ThreadPool]: On list_metastore_db: Close
[0m17:39:25.757000 [debug] [ThreadPool]: Re-using an available connection from the pool (formerly list_metastore_db, now list_metastore_db_snapshots)
[0m17:39:25.765460 [debug] [ThreadPool]: Using postgres connection "list_metastore_db_snapshots"
[0m17:39:25.765993 [debug] [ThreadPool]: On list_metastore_db_snapshots: BEGIN
[0m17:39:25.766398 [debug] [ThreadPool]: Opening a new connection, currently in state closed
[0m17:39:25.769642 [debug] [ThreadPool]: SQL status: BEGIN in 0.003 seconds
[0m17:39:25.770112 [debug] [ThreadPool]: Using postgres connection "list_metastore_db_snapshots"
[0m17:39:25.770488 [debug] [ThreadPool]: On list_metastore_db_snapshots: /* {"app": "dbt", "dbt_version": "1.9.3", "profile_name": "dbt_project", "target_name": "dev", "connection_name": "list_metastore_db_snapshots"} */
select
      'metastore_db' as database,
      tablename as name,
      schemaname as schema,
      'table' as type
    from pg_tables
    where schemaname ilike 'snapshots'
    union all
    select
      'metastore_db' as database,
      viewname as name,
      schemaname as schema,
      'view' as type
    from pg_views
    where schemaname ilike 'snapshots'
    union all
    select
      'metastore_db' as database,
      matviewname as name,
      schemaname as schema,
      'materialized_view' as type
    from pg_matviews
    where schemaname ilike 'snapshots'
  
[0m17:39:25.775579 [debug] [ThreadPool]: SQL status: SELECT 0 in 0.004 seconds
[0m17:39:25.777826 [debug] [ThreadPool]: On list_metastore_db_snapshots: ROLLBACK
[0m17:39:25.779062 [debug] [ThreadPool]: On list_metastore_db_snapshots: Close
[0m17:39:25.780148 [debug] [ThreadPool]: Re-using an available connection from the pool (formerly list_metastore_db_snapshots, now list_metastore_db_public)
[0m17:39:25.784641 [debug] [ThreadPool]: Using postgres connection "list_metastore_db_public"
[0m17:39:25.785143 [debug] [ThreadPool]: On list_metastore_db_public: BEGIN
[0m17:39:25.785493 [debug] [ThreadPool]: Opening a new connection, currently in state closed
[0m17:39:25.788607 [debug] [ThreadPool]: SQL status: BEGIN in 0.003 seconds
[0m17:39:25.789058 [debug] [ThreadPool]: Using postgres connection "list_metastore_db_public"
[0m17:39:25.789435 [debug] [ThreadPool]: On list_metastore_db_public: /* {"app": "dbt", "dbt_version": "1.9.3", "profile_name": "dbt_project", "target_name": "dev", "connection_name": "list_metastore_db_public"} */
select
      'metastore_db' as database,
      tablename as name,
      schemaname as schema,
      'table' as type
    from pg_tables
    where schemaname ilike 'public'
    union all
    select
      'metastore_db' as database,
      viewname as name,
      schemaname as schema,
      'view' as type
    from pg_views
    where schemaname ilike 'public'
    union all
    select
      'metastore_db' as database,
      matviewname as name,
      schemaname as schema,
      'materialized_view' as type
    from pg_matviews
    where schemaname ilike 'public'
  
[0m17:39:25.794113 [debug] [ThreadPool]: SQL status: SELECT 6 in 0.004 seconds
[0m17:39:25.795971 [debug] [ThreadPool]: On list_metastore_db_public: ROLLBACK
[0m17:39:25.797021 [debug] [ThreadPool]: On list_metastore_db_public: Close
[0m17:39:25.803731 [debug] [MainThread]: Using postgres connection "master"
[0m17:39:25.804282 [debug] [MainThread]: On master: BEGIN
[0m17:39:25.804674 [debug] [MainThread]: Opening a new connection, currently in state init
[0m17:39:25.808292 [debug] [MainThread]: SQL status: BEGIN in 0.004 seconds
[0m17:39:25.808834 [debug] [MainThread]: Using postgres connection "master"
[0m17:39:25.809284 [debug] [MainThread]: On master: /* {"app": "dbt", "dbt_version": "1.9.3", "profile_name": "dbt_project", "target_name": "dev", "connection_name": "master"} */
with relation as (
        select
            pg_rewrite.ev_class as class,
            pg_rewrite.oid as id
        from pg_rewrite
    ),
    class as (
        select
            oid as id,
            relname as name,
            relnamespace as schema,
            relkind as kind
        from pg_class
    ),
    dependency as (
        select distinct
            pg_depend.objid as id,
            pg_depend.refobjid as ref
        from pg_depend
    ),
    schema as (
        select
            pg_namespace.oid as id,
            pg_namespace.nspname as name
        from pg_namespace
        where nspname != 'information_schema' and nspname not like 'pg\_%'
    ),
    referenced as (
        select
            relation.id AS id,
            referenced_class.name ,
            referenced_class.schema ,
            referenced_class.kind
        from relation
        join class as referenced_class on relation.class=referenced_class.id
        where referenced_class.kind in ('r', 'v', 'm')
    ),
    relationships as (
        select
            referenced.name as referenced_name,
            referenced.schema as referenced_schema_id,
            dependent_class.name as dependent_name,
            dependent_class.schema as dependent_schema_id,
            referenced.kind as kind
        from referenced
        join dependency on referenced.id=dependency.id
        join class as dependent_class on dependency.ref=dependent_class.id
        where
            (referenced.name != dependent_class.name or
             referenced.schema != dependent_class.schema)
    )

    select
        referenced_schema.name as referenced_schema,
        relationships.referenced_name as referenced_name,
        dependent_schema.name as dependent_schema,
        relationships.dependent_name as dependent_name
    from relationships
    join schema as dependent_schema on relationships.dependent_schema_id=dependent_schema.id
    join schema as referenced_schema on relationships.referenced_schema_id=referenced_schema.id
    group by referenced_schema, referenced_name, dependent_schema, dependent_name
    order by referenced_schema, referenced_name, dependent_schema, dependent_name;
[0m17:39:25.818779 [debug] [MainThread]: SQL status: SELECT 0 in 0.009 seconds
[0m17:39:25.820386 [debug] [MainThread]: Sending event: {'category': 'dbt', 'action': 'runnable_timing', 'label': '97f4a858-a557-431b-a60f-f7c15652158b', 'context': [<snowplow_tracker.self_describing_json.SelfDescribingJson object at 0x750723939bd0>]}
[0m17:39:25.821006 [debug] [MainThread]: On master: ROLLBACK
[0m17:39:25.821623 [debug] [MainThread]: Using postgres connection "master"
[0m17:39:25.821973 [debug] [MainThread]: On master: BEGIN
[0m17:39:25.822596 [debug] [MainThread]: SQL status: BEGIN in 0.000 seconds
[0m17:39:25.822970 [debug] [MainThread]: On master: COMMIT
[0m17:39:25.823325 [debug] [MainThread]: Using postgres connection "master"
[0m17:39:25.823668 [debug] [MainThread]: On master: COMMIT
[0m17:39:25.824211 [debug] [MainThread]: SQL status: COMMIT in 0.000 seconds
[0m17:39:25.824571 [debug] [MainThread]: On master: Close
[0m17:39:25.828287 [debug] [Thread-1 (]: Began running node model.dbt_project.customer
[0m17:39:25.829342 [info ] [Thread-1 (]: 1 of 3 START sql table model public.customer ................................... [RUN]
[0m17:39:25.830065 [debug] [Thread-1 (]: Re-using an available connection from the pool (formerly list_metastore_db_public, now model.dbt_project.customer)
[0m17:39:25.830757 [debug] [Thread-1 (]: Began compiling node model.dbt_project.customer
[0m17:39:25.839349 [debug] [Thread-1 (]: Writing injected SQL for node "model.dbt_project.customer"
[0m17:39:25.840644 [debug] [Thread-1 (]: Began executing node model.dbt_project.customer
[0m17:39:25.884673 [debug] [Thread-1 (]: Writing runtime sql for node "model.dbt_project.customer"
[0m17:39:25.885606 [debug] [Thread-1 (]: Using postgres connection "model.dbt_project.customer"
[0m17:39:25.886341 [debug] [Thread-1 (]: On model.dbt_project.customer: BEGIN
[0m17:39:25.886986 [debug] [Thread-1 (]: Opening a new connection, currently in state closed
[0m17:39:25.890399 [debug] [Thread-1 (]: SQL status: BEGIN in 0.003 seconds
[0m17:39:25.891009 [debug] [Thread-1 (]: Using postgres connection "model.dbt_project.customer"
[0m17:39:25.891603 [debug] [Thread-1 (]: On model.dbt_project.customer: /* {"app": "dbt", "dbt_version": "1.9.3", "profile_name": "dbt_project", "target_name": "dev", "node_id": "model.dbt_project.customer"} */

  
    

  create  table "metastore_db"."public"."customer__dbt_tmp"
  
  
    as
  
  (
    

SELECT * FROM customers
  );
  
[0m17:39:25.901491 [debug] [Thread-1 (]: SQL status: SELECT 0 in 0.009 seconds
[0m17:39:25.908572 [debug] [Thread-1 (]: Using postgres connection "model.dbt_project.customer"
[0m17:39:25.909206 [debug] [Thread-1 (]: On model.dbt_project.customer: /* {"app": "dbt", "dbt_version": "1.9.3", "profile_name": "dbt_project", "target_name": "dev", "node_id": "model.dbt_project.customer"} */
alter table "metastore_db"."public"."customer__dbt_tmp" rename to "customer"
[0m17:39:25.910644 [debug] [Thread-1 (]: SQL status: ALTER TABLE in 0.001 seconds
[0m17:39:25.931017 [debug] [Thread-1 (]: On model.dbt_project.customer: COMMIT
[0m17:39:25.931633 [debug] [Thread-1 (]: Using postgres connection "model.dbt_project.customer"
[0m17:39:25.932079 [debug] [Thread-1 (]: On model.dbt_project.customer: COMMIT
[0m17:39:25.934347 [debug] [Thread-1 (]: SQL status: COMMIT in 0.002 seconds
[0m17:39:25.940835 [debug] [Thread-1 (]: Applying DROP to: "metastore_db"."public"."customer__dbt_backup"
[0m17:39:25.947342 [debug] [Thread-1 (]: Using postgres connection "model.dbt_project.customer"
[0m17:39:25.947973 [debug] [Thread-1 (]: On model.dbt_project.customer: /* {"app": "dbt", "dbt_version": "1.9.3", "profile_name": "dbt_project", "target_name": "dev", "node_id": "model.dbt_project.customer"} */
drop table if exists "metastore_db"."public"."customer__dbt_backup" cascade
[0m17:39:25.948805 [debug] [Thread-1 (]: SQL status: DROP TABLE in 0.000 seconds
[0m17:39:25.951607 [debug] [Thread-1 (]: On model.dbt_project.customer: Close
[0m17:39:25.953449 [debug] [Thread-1 (]: Sending event: {'category': 'dbt', 'action': 'run_model', 'label': '97f4a858-a557-431b-a60f-f7c15652158b', 'context': [<snowplow_tracker.self_describing_json.SelfDescribingJson object at 0x750726107e50>]}
[0m17:39:25.954329 [info ] [Thread-1 (]: 1 of 3 OK created sql table model public.customer .............................. [[32mSELECT 0[0m in 0.12s]
[0m17:39:25.955092 [debug] [Thread-1 (]: Finished running node model.dbt_project.customer
[0m17:39:25.956221 [debug] [Thread-1 (]: Began running node test.dbt_project.not_null_customer_id.adb2edb66e
[0m17:39:25.956671 [info ] [Thread-1 (]: 2 of 3 START test not_null_customer_id ......................................... [RUN]
[0m17:39:25.957265 [debug] [Thread-1 (]: Re-using an available connection from the pool (formerly model.dbt_project.customer, now test.dbt_project.not_null_customer_id.adb2edb66e)
[0m17:39:25.957821 [debug] [Thread-1 (]: Began compiling node test.dbt_project.not_null_customer_id.adb2edb66e
[0m17:39:25.968358 [debug] [Thread-1 (]: Writing injected SQL for node "test.dbt_project.not_null_customer_id.adb2edb66e"
[0m17:39:25.969276 [debug] [Thread-1 (]: Began executing node test.dbt_project.not_null_customer_id.adb2edb66e
[0m17:39:25.985686 [debug] [Thread-1 (]: Writing runtime sql for node "test.dbt_project.not_null_customer_id.adb2edb66e"
[0m17:39:25.986536 [debug] [Thread-1 (]: Using postgres connection "test.dbt_project.not_null_customer_id.adb2edb66e"
[0m17:39:25.986996 [debug] [Thread-1 (]: On test.dbt_project.not_null_customer_id.adb2edb66e: BEGIN
[0m17:39:25.987388 [debug] [Thread-1 (]: Opening a new connection, currently in state closed
[0m17:39:25.990786 [debug] [Thread-1 (]: SQL status: BEGIN in 0.003 seconds
[0m17:39:25.991419 [debug] [Thread-1 (]: Using postgres connection "test.dbt_project.not_null_customer_id.adb2edb66e"
[0m17:39:25.991861 [debug] [Thread-1 (]: On test.dbt_project.not_null_customer_id.adb2edb66e: /* {"app": "dbt", "dbt_version": "1.9.3", "profile_name": "dbt_project", "target_name": "dev", "node_id": "test.dbt_project.not_null_customer_id.adb2edb66e"} */
select
      count(*) as failures,
      count(*) != 0 as should_warn,
      count(*) != 0 as should_error
    from (
      
    
    



select id
from "metastore_db"."public"."customer"
where id is null



      
    ) dbt_internal_test
[0m17:39:25.994446 [debug] [Thread-1 (]: SQL status: SELECT 1 in 0.002 seconds
[0m17:39:25.998871 [debug] [Thread-1 (]: On test.dbt_project.not_null_customer_id.adb2edb66e: ROLLBACK
[0m17:39:25.999692 [debug] [Thread-1 (]: On test.dbt_project.not_null_customer_id.adb2edb66e: Close
[0m17:39:26.000569 [info ] [Thread-1 (]: 2 of 3 PASS not_null_customer_id ............................................... [[32mPASS[0m in 0.04s]
[0m17:39:26.001442 [debug] [Thread-1 (]: Finished running node test.dbt_project.not_null_customer_id.adb2edb66e
[0m17:39:26.001989 [debug] [Thread-1 (]: Began running node test.dbt_project.unique_customer_id.d22032a29c
[0m17:39:26.002558 [info ] [Thread-1 (]: 3 of 3 START test unique_customer_id ........................................... [RUN]
[0m17:39:26.003061 [debug] [Thread-1 (]: Re-using an available connection from the pool (formerly test.dbt_project.not_null_customer_id.adb2edb66e, now test.dbt_project.unique_customer_id.d22032a29c)
[0m17:39:26.003597 [debug] [Thread-1 (]: Began compiling node test.dbt_project.unique_customer_id.d22032a29c
[0m17:39:26.014386 [debug] [Thread-1 (]: Writing injected SQL for node "test.dbt_project.unique_customer_id.d22032a29c"
[0m17:39:26.015723 [debug] [Thread-1 (]: Began executing node test.dbt_project.unique_customer_id.d22032a29c
[0m17:39:26.021954 [debug] [Thread-1 (]: Writing runtime sql for node "test.dbt_project.unique_customer_id.d22032a29c"
[0m17:39:26.022776 [debug] [Thread-1 (]: Using postgres connection "test.dbt_project.unique_customer_id.d22032a29c"
[0m17:39:26.023292 [debug] [Thread-1 (]: On test.dbt_project.unique_customer_id.d22032a29c: BEGIN
[0m17:39:26.023735 [debug] [Thread-1 (]: Opening a new connection, currently in state closed
[0m17:39:26.028885 [debug] [Thread-1 (]: SQL status: BEGIN in 0.005 seconds
[0m17:39:26.029823 [debug] [Thread-1 (]: Using postgres connection "test.dbt_project.unique_customer_id.d22032a29c"
[0m17:39:26.030457 [debug] [Thread-1 (]: On test.dbt_project.unique_customer_id.d22032a29c: /* {"app": "dbt", "dbt_version": "1.9.3", "profile_name": "dbt_project", "target_name": "dev", "node_id": "test.dbt_project.unique_customer_id.d22032a29c"} */
select
      count(*) as failures,
      count(*) != 0 as should_warn,
      count(*) != 0 as should_error
    from (
      
    
    

select
    id as unique_field,
    count(*) as n_records

from "metastore_db"."public"."customer"
where id is not null
group by id
having count(*) > 1



      
    ) dbt_internal_test
[0m17:39:26.032200 [debug] [Thread-1 (]: SQL status: SELECT 1 in 0.001 seconds
[0m17:39:26.033832 [debug] [Thread-1 (]: On test.dbt_project.unique_customer_id.d22032a29c: ROLLBACK
[0m17:39:26.034650 [debug] [Thread-1 (]: On test.dbt_project.unique_customer_id.d22032a29c: Close
[0m17:39:26.035434 [info ] [Thread-1 (]: 3 of 3 PASS unique_customer_id ................................................. [[32mPASS[0m in 0.03s]
[0m17:39:26.036131 [debug] [Thread-1 (]: Finished running node test.dbt_project.unique_customer_id.d22032a29c
[0m17:39:26.037500 [debug] [MainThread]: Using postgres connection "master"
[0m17:39:26.037902 [debug] [MainThread]: On master: BEGIN
[0m17:39:26.038279 [debug] [MainThread]: Opening a new connection, currently in state closed
[0m17:39:26.041893 [debug] [MainThread]: SQL status: BEGIN in 0.003 seconds
[0m17:39:26.042652 [debug] [MainThread]: On master: COMMIT
[0m17:39:26.052307 [debug] [MainThread]: Using postgres connection "master"
[0m17:39:26.056359 [debug] [MainThread]: On master: COMMIT
[0m17:39:26.057665 [debug] [MainThread]: SQL status: COMMIT in 0.001 seconds
[0m17:39:26.058212 [debug] [MainThread]: On master: Close
[0m17:39:26.058927 [debug] [MainThread]: Connection 'master' was properly closed.
[0m17:39:26.059557 [debug] [MainThread]: Connection 'test.dbt_project.unique_customer_id.d22032a29c' was properly closed.
[0m17:39:26.060575 [info ] [MainThread]: 
[0m17:39:26.061236 [info ] [MainThread]: Finished running 1 table model, 2 data tests in 0 hours 0 minutes and 0.43 seconds (0.43s).
[0m17:39:26.062849 [debug] [MainThread]: Command end result
[0m17:39:26.104698 [debug] [MainThread]: Wrote artifact WritableManifest to /home/prasannak/Documents/dbt_project/dbt_project/target/manifest.json
[0m17:39:26.106565 [debug] [MainThread]: Wrote artifact SemanticManifest to /home/prasannak/Documents/dbt_project/dbt_project/target/semantic_manifest.json
[0m17:39:26.114237 [debug] [MainThread]: Wrote artifact RunExecutionResult to /home/prasannak/Documents/dbt_project/dbt_project/target/run_results.json
[0m17:39:26.114704 [info ] [MainThread]: 
[0m17:39:26.115143 [info ] [MainThread]: [32mCompleted successfully[0m
[0m17:39:26.115515 [info ] [MainThread]: 
[0m17:39:26.115897 [info ] [MainThread]: Done. PASS=3 WARN=0 ERROR=0 SKIP=0 TOTAL=3
[0m17:39:26.116893 [debug] [MainThread]: Resource report: {"command_name": "build", "command_success": true, "command_wall_clock_time": 3.9918442, "process_in_blocks": "2992", "process_kernel_time": 0.190978, "process_mem_max_rss": "137700", "process_out_blocks": "4016", "process_user_time": 5.47738}
[0m17:39:26.117690 [debug] [MainThread]: Command `cli build` succeeded at 17:39:26.117587 after 3.99 seconds
[0m17:39:26.118133 [debug] [MainThread]: Sending event: {'category': 'dbt', 'action': 'invocation', 'label': 'end', 'context': [<snowplow_tracker.self_describing_json.SelfDescribingJson object at 0x750725dfd270>, <snowplow_tracker.self_describing_json.SelfDescribingJson object at 0x75072511bc40>, <snowplow_tracker.self_describing_json.SelfDescribingJson object at 0x750725ec1a80>]}
[0m17:39:26.118561 [debug] [MainThread]: Flushing usage events
[0m17:39:27.664698 [debug] [MainThread]: An error was encountered while trying to flush usage events
[0m17:39:47.474692 [debug] [MainThread]: Sending event: {'category': 'dbt', 'action': 'invocation', 'label': 'start', 'context': [<snowplow_tracker.self_describing_json.SelfDescribingJson object at 0x79e7611c5210>, <snowplow_tracker.self_describing_json.SelfDescribingJson object at 0x79e7604e3610>, <snowplow_tracker.self_describing_json.SelfDescribingJson object at 0x79e7603b70d0>]}


============================== 17:39:47.478886 | 83b20902-ec02-4ede-be06-13f3fb5e8fba ==============================
[0m17:39:47.478886 [info ] [MainThread]: Running with dbt=1.9.3
[0m17:39:47.479633 [debug] [MainThread]: running dbt with arguments {'printer_width': '80', 'indirect_selection': 'eager', 'write_json': 'True', 'log_cache_events': 'False', 'partial_parse': 'True', 'cache_selected_only': 'False', 'profiles_dir': '/home/prasannak/.dbt', 'fail_fast': 'False', 'version_check': 'True', 'log_path': '/home/prasannak/Documents/dbt_project/dbt_project/logs', 'warn_error': 'None', 'debug': 'False', 'use_colors': 'True', 'use_experimental_parser': 'False', 'empty': 'False', 'quiet': 'False', 'no_print': 'None', 'log_format': 'default', 'invocation_command': 'dbt ', 'introspect': 'True', 'static_parser': 'True', 'target_path': 'None', 'warn_error_options': 'WarnErrorOptions(include=[], exclude=[])', 'send_anonymous_usage_stats': 'True'}
[0m17:39:47.710405 [debug] [MainThread]: Sending event: {'category': 'dbt', 'action': 'project_id', 'label': '83b20902-ec02-4ede-be06-13f3fb5e8fba', 'context': [<snowplow_tracker.self_describing_json.SelfDescribingJson object at 0x79e76241cb50>]}
[0m17:39:47.801180 [debug] [MainThread]: Sending event: {'category': 'dbt', 'action': 'adapter_info', 'label': '83b20902-ec02-4ede-be06-13f3fb5e8fba', 'context': [<snowplow_tracker.self_describing_json.SelfDescribingJson object at 0x79e7605f4220>]}
[0m17:39:47.802065 [info ] [MainThread]: Registered adapter: postgres=1.9.0
[0m17:39:47.896423 [debug] [MainThread]: checksum: 5671c00892cdbcef29c3b00cc5ba7510c3d18a35c883caeb9ab9ee266dc29c8f, vars: {}, profile: , target: , version: 1.9.3
[0m17:39:48.161140 [debug] [MainThread]: Partial parsing enabled: 0 files deleted, 0 files added, 0 files changed.
[0m17:39:48.162047 [debug] [MainThread]: Partial parsing enabled, no changes found, skipping parsing
[0m17:39:48.252177 [debug] [MainThread]: Sending event: {'category': 'dbt', 'action': 'load_project', 'label': '83b20902-ec02-4ede-be06-13f3fb5e8fba', 'context': [<snowplow_tracker.self_describing_json.SelfDescribingJson object at 0x79e760385c30>]}
[0m17:39:48.393281 [debug] [MainThread]: Wrote artifact WritableManifest to /home/prasannak/Documents/dbt_project/dbt_project/target/manifest.json
[0m17:39:48.399067 [debug] [MainThread]: Wrote artifact SemanticManifest to /home/prasannak/Documents/dbt_project/dbt_project/target/semantic_manifest.json
[0m17:39:48.411705 [debug] [MainThread]: Sending event: {'category': 'dbt', 'action': 'resource_counts', 'label': '83b20902-ec02-4ede-be06-13f3fb5e8fba', 'context': [<snowplow_tracker.self_describing_json.SelfDescribingJson object at 0x79e75ed99720>]}
[0m17:39:48.412938 [info ] [MainThread]: Found 11 models, 4 snapshots, 8 data tests, 1 seed, 585 macros
[0m17:39:48.413395 [debug] [MainThread]: Sending event: {'category': 'dbt', 'action': 'runnable_timing', 'label': '83b20902-ec02-4ede-be06-13f3fb5e8fba', 'context': [<snowplow_tracker.self_describing_json.SelfDescribingJson object at 0x79e75e9692d0>]}
[0m17:39:48.415023 [info ] [MainThread]: 
[0m17:39:48.415484 [info ] [MainThread]: Concurrency: 1 threads (target='dev')
[0m17:39:48.415826 [info ] [MainThread]: 
[0m17:39:48.416472 [debug] [MainThread]: Acquiring new postgres connection 'master'
[0m17:39:48.417579 [debug] [ThreadPool]: Acquiring new postgres connection 'list_metastore_db'
[0m17:39:48.453527 [debug] [ThreadPool]: Using postgres connection "list_metastore_db"
[0m17:39:48.454149 [debug] [ThreadPool]: On list_metastore_db: /* {"app": "dbt", "dbt_version": "1.9.3", "profile_name": "dbt_project", "target_name": "dev", "connection_name": "list_metastore_db"} */

    select distinct nspname from pg_namespace
  
[0m17:39:48.454603 [debug] [ThreadPool]: Opening a new connection, currently in state init
[0m17:39:48.460132 [debug] [ThreadPool]: SQL status: SELECT 6 in 0.005 seconds
[0m17:39:48.461978 [debug] [ThreadPool]: On list_metastore_db: Close
[0m17:39:48.467997 [debug] [ThreadPool]: Re-using an available connection from the pool (formerly list_metastore_db, now list_metastore_db_snapshots)
[0m17:39:48.474323 [debug] [ThreadPool]: Using postgres connection "list_metastore_db_snapshots"
[0m17:39:48.474821 [debug] [ThreadPool]: On list_metastore_db_snapshots: BEGIN
[0m17:39:48.475204 [debug] [ThreadPool]: Opening a new connection, currently in state closed
[0m17:39:48.479814 [debug] [ThreadPool]: SQL status: BEGIN in 0.005 seconds
[0m17:39:48.480368 [debug] [ThreadPool]: Using postgres connection "list_metastore_db_snapshots"
[0m17:39:48.480749 [debug] [ThreadPool]: On list_metastore_db_snapshots: /* {"app": "dbt", "dbt_version": "1.9.3", "profile_name": "dbt_project", "target_name": "dev", "connection_name": "list_metastore_db_snapshots"} */
select
      'metastore_db' as database,
      tablename as name,
      schemaname as schema,
      'table' as type
    from pg_tables
    where schemaname ilike 'snapshots'
    union all
    select
      'metastore_db' as database,
      viewname as name,
      schemaname as schema,
      'view' as type
    from pg_views
    where schemaname ilike 'snapshots'
    union all
    select
      'metastore_db' as database,
      matviewname as name,
      schemaname as schema,
      'materialized_view' as type
    from pg_matviews
    where schemaname ilike 'snapshots'
  
[0m17:39:48.484396 [debug] [ThreadPool]: SQL status: SELECT 0 in 0.003 seconds
[0m17:39:48.485796 [debug] [ThreadPool]: On list_metastore_db_snapshots: ROLLBACK
[0m17:39:48.486406 [debug] [ThreadPool]: On list_metastore_db_snapshots: Close
[0m17:39:48.487122 [debug] [ThreadPool]: Re-using an available connection from the pool (formerly list_metastore_db_snapshots, now list_metastore_db_public)
[0m17:39:48.489521 [debug] [ThreadPool]: Using postgres connection "list_metastore_db_public"
[0m17:39:48.489917 [debug] [ThreadPool]: On list_metastore_db_public: BEGIN
[0m17:39:48.490270 [debug] [ThreadPool]: Opening a new connection, currently in state closed
[0m17:39:48.494345 [debug] [ThreadPool]: SQL status: BEGIN in 0.004 seconds
[0m17:39:48.495062 [debug] [ThreadPool]: Using postgres connection "list_metastore_db_public"
[0m17:39:48.495606 [debug] [ThreadPool]: On list_metastore_db_public: /* {"app": "dbt", "dbt_version": "1.9.3", "profile_name": "dbt_project", "target_name": "dev", "connection_name": "list_metastore_db_public"} */
select
      'metastore_db' as database,
      tablename as name,
      schemaname as schema,
      'table' as type
    from pg_tables
    where schemaname ilike 'public'
    union all
    select
      'metastore_db' as database,
      viewname as name,
      schemaname as schema,
      'view' as type
    from pg_views
    where schemaname ilike 'public'
    union all
    select
      'metastore_db' as database,
      matviewname as name,
      schemaname as schema,
      'materialized_view' as type
    from pg_matviews
    where schemaname ilike 'public'
  
[0m17:39:48.499849 [debug] [ThreadPool]: SQL status: SELECT 7 in 0.004 seconds
[0m17:39:48.502049 [debug] [ThreadPool]: On list_metastore_db_public: ROLLBACK
[0m17:39:48.503185 [debug] [ThreadPool]: On list_metastore_db_public: Close
[0m17:39:48.512034 [debug] [MainThread]: Using postgres connection "master"
[0m17:39:48.513059 [debug] [MainThread]: On master: BEGIN
[0m17:39:48.513518 [debug] [MainThread]: Opening a new connection, currently in state init
[0m17:39:48.517294 [debug] [MainThread]: SQL status: BEGIN in 0.004 seconds
[0m17:39:48.517888 [debug] [MainThread]: Using postgres connection "master"
[0m17:39:48.518510 [debug] [MainThread]: On master: /* {"app": "dbt", "dbt_version": "1.9.3", "profile_name": "dbt_project", "target_name": "dev", "connection_name": "master"} */
with relation as (
        select
            pg_rewrite.ev_class as class,
            pg_rewrite.oid as id
        from pg_rewrite
    ),
    class as (
        select
            oid as id,
            relname as name,
            relnamespace as schema,
            relkind as kind
        from pg_class
    ),
    dependency as (
        select distinct
            pg_depend.objid as id,
            pg_depend.refobjid as ref
        from pg_depend
    ),
    schema as (
        select
            pg_namespace.oid as id,
            pg_namespace.nspname as name
        from pg_namespace
        where nspname != 'information_schema' and nspname not like 'pg\_%'
    ),
    referenced as (
        select
            relation.id AS id,
            referenced_class.name ,
            referenced_class.schema ,
            referenced_class.kind
        from relation
        join class as referenced_class on relation.class=referenced_class.id
        where referenced_class.kind in ('r', 'v', 'm')
    ),
    relationships as (
        select
            referenced.name as referenced_name,
            referenced.schema as referenced_schema_id,
            dependent_class.name as dependent_name,
            dependent_class.schema as dependent_schema_id,
            referenced.kind as kind
        from referenced
        join dependency on referenced.id=dependency.id
        join class as dependent_class on dependency.ref=dependent_class.id
        where
            (referenced.name != dependent_class.name or
             referenced.schema != dependent_class.schema)
    )

    select
        referenced_schema.name as referenced_schema,
        relationships.referenced_name as referenced_name,
        dependent_schema.name as dependent_schema,
        relationships.dependent_name as dependent_name
    from relationships
    join schema as dependent_schema on relationships.dependent_schema_id=dependent_schema.id
    join schema as referenced_schema on relationships.referenced_schema_id=referenced_schema.id
    group by referenced_schema, referenced_name, dependent_schema, dependent_name
    order by referenced_schema, referenced_name, dependent_schema, dependent_name;
[0m17:39:48.529990 [debug] [MainThread]: SQL status: SELECT 0 in 0.009 seconds
[0m17:39:48.540881 [debug] [MainThread]: Sending event: {'category': 'dbt', 'action': 'runnable_timing', 'label': '83b20902-ec02-4ede-be06-13f3fb5e8fba', 'context': [<snowplow_tracker.self_describing_json.SelfDescribingJson object at 0x79e76244c520>]}
[0m17:39:48.541882 [debug] [MainThread]: On master: ROLLBACK
[0m17:39:48.542776 [debug] [MainThread]: Using postgres connection "master"
[0m17:39:48.543294 [debug] [MainThread]: On master: BEGIN
[0m17:39:48.544233 [debug] [MainThread]: SQL status: BEGIN in 0.000 seconds
[0m17:39:48.544669 [debug] [MainThread]: On master: COMMIT
[0m17:39:48.545263 [debug] [MainThread]: Using postgres connection "master"
[0m17:39:48.545609 [debug] [MainThread]: On master: COMMIT
[0m17:39:48.546196 [debug] [MainThread]: SQL status: COMMIT in 0.000 seconds
[0m17:39:48.546585 [debug] [MainThread]: On master: Close
[0m17:39:48.549170 [debug] [Thread-1 (]: Began running node model.dbt_project.customer
[0m17:39:48.549962 [info ] [Thread-1 (]: 1 of 1 START sql table model public.customer ................................... [RUN]
[0m17:39:48.550629 [debug] [Thread-1 (]: Re-using an available connection from the pool (formerly list_metastore_db_public, now model.dbt_project.customer)
[0m17:39:48.551235 [debug] [Thread-1 (]: Began compiling node model.dbt_project.customer
[0m17:39:48.560646 [debug] [Thread-1 (]: Writing injected SQL for node "model.dbt_project.customer"
[0m17:39:48.562424 [debug] [Thread-1 (]: Began executing node model.dbt_project.customer
[0m17:39:48.604522 [debug] [Thread-1 (]: Writing runtime sql for node "model.dbt_project.customer"
[0m17:39:48.605462 [debug] [Thread-1 (]: Using postgres connection "model.dbt_project.customer"
[0m17:39:48.605954 [debug] [Thread-1 (]: On model.dbt_project.customer: BEGIN
[0m17:39:48.606378 [debug] [Thread-1 (]: Opening a new connection, currently in state closed
[0m17:39:48.611196 [debug] [Thread-1 (]: SQL status: BEGIN in 0.004 seconds
[0m17:39:48.612545 [debug] [Thread-1 (]: Using postgres connection "model.dbt_project.customer"
[0m17:39:48.613104 [debug] [Thread-1 (]: On model.dbt_project.customer: /* {"app": "dbt", "dbt_version": "1.9.3", "profile_name": "dbt_project", "target_name": "dev", "node_id": "model.dbt_project.customer"} */

  
    

  create  table "metastore_db"."public"."customer__dbt_tmp"
  
  
    as
  
  (
    

SELECT * FROM customers
  );
  
[0m17:39:48.618715 [debug] [Thread-1 (]: SQL status: SELECT 0 in 0.005 seconds
[0m17:39:48.628322 [debug] [Thread-1 (]: Using postgres connection "model.dbt_project.customer"
[0m17:39:48.629329 [debug] [Thread-1 (]: On model.dbt_project.customer: /* {"app": "dbt", "dbt_version": "1.9.3", "profile_name": "dbt_project", "target_name": "dev", "node_id": "model.dbt_project.customer"} */
alter table "metastore_db"."public"."customer" rename to "customer__dbt_backup"
[0m17:39:48.630606 [debug] [Thread-1 (]: SQL status: ALTER TABLE in 0.001 seconds
[0m17:39:48.635036 [debug] [Thread-1 (]: Using postgres connection "model.dbt_project.customer"
[0m17:39:48.635662 [debug] [Thread-1 (]: On model.dbt_project.customer: /* {"app": "dbt", "dbt_version": "1.9.3", "profile_name": "dbt_project", "target_name": "dev", "node_id": "model.dbt_project.customer"} */
alter table "metastore_db"."public"."customer__dbt_tmp" rename to "customer"
[0m17:39:48.636535 [debug] [Thread-1 (]: SQL status: ALTER TABLE in 0.000 seconds
[0m17:39:48.660138 [debug] [Thread-1 (]: On model.dbt_project.customer: COMMIT
[0m17:39:48.661464 [debug] [Thread-1 (]: Using postgres connection "model.dbt_project.customer"
[0m17:39:48.662326 [debug] [Thread-1 (]: On model.dbt_project.customer: COMMIT
[0m17:39:48.663743 [debug] [Thread-1 (]: SQL status: COMMIT in 0.001 seconds
[0m17:39:48.670870 [debug] [Thread-1 (]: Applying DROP to: "metastore_db"."public"."customer__dbt_backup"
[0m17:39:48.675788 [debug] [Thread-1 (]: Using postgres connection "model.dbt_project.customer"
[0m17:39:48.676505 [debug] [Thread-1 (]: On model.dbt_project.customer: /* {"app": "dbt", "dbt_version": "1.9.3", "profile_name": "dbt_project", "target_name": "dev", "node_id": "model.dbt_project.customer"} */
drop table if exists "metastore_db"."public"."customer__dbt_backup" cascade
[0m17:39:48.680907 [debug] [Thread-1 (]: SQL status: DROP TABLE in 0.003 seconds
[0m17:39:48.684023 [debug] [Thread-1 (]: On model.dbt_project.customer: Close
[0m17:39:48.685989 [debug] [Thread-1 (]: Sending event: {'category': 'dbt', 'action': 'run_model', 'label': '83b20902-ec02-4ede-be06-13f3fb5e8fba', 'context': [<snowplow_tracker.self_describing_json.SelfDescribingJson object at 0x79e75d336e60>]}
[0m17:39:48.686806 [info ] [Thread-1 (]: 1 of 1 OK created sql table model public.customer .............................. [[32mSELECT 0[0m in 0.13s]
[0m17:39:48.687768 [debug] [Thread-1 (]: Finished running node model.dbt_project.customer
[0m17:39:48.689193 [debug] [MainThread]: Using postgres connection "master"
[0m17:39:48.689731 [debug] [MainThread]: On master: BEGIN
[0m17:39:48.690117 [debug] [MainThread]: Opening a new connection, currently in state closed
[0m17:39:48.695344 [debug] [MainThread]: SQL status: BEGIN in 0.005 seconds
[0m17:39:48.696074 [debug] [MainThread]: On master: COMMIT
[0m17:39:48.696531 [debug] [MainThread]: Using postgres connection "master"
[0m17:39:48.696881 [debug] [MainThread]: On master: COMMIT
[0m17:39:48.697463 [debug] [MainThread]: SQL status: COMMIT in 0.000 seconds
[0m17:39:48.697836 [debug] [MainThread]: On master: Close
[0m17:39:48.698345 [debug] [MainThread]: Connection 'master' was properly closed.
[0m17:39:48.698670 [debug] [MainThread]: Connection 'model.dbt_project.customer' was properly closed.
[0m17:39:48.699025 [info ] [MainThread]: 
[0m17:39:48.699446 [info ] [MainThread]: Finished running 1 table model in 0 hours 0 minutes and 0.28 seconds (0.28s).
[0m17:39:48.700164 [debug] [MainThread]: Command end result
[0m17:39:48.735987 [debug] [MainThread]: Wrote artifact WritableManifest to /home/prasannak/Documents/dbt_project/dbt_project/target/manifest.json
[0m17:39:48.738098 [debug] [MainThread]: Wrote artifact SemanticManifest to /home/prasannak/Documents/dbt_project/dbt_project/target/semantic_manifest.json
[0m17:39:48.746117 [debug] [MainThread]: Wrote artifact RunExecutionResult to /home/prasannak/Documents/dbt_project/dbt_project/target/run_results.json
[0m17:39:48.746660 [info ] [MainThread]: 
[0m17:39:48.747148 [info ] [MainThread]: [32mCompleted successfully[0m
[0m17:39:48.747595 [info ] [MainThread]: 
[0m17:39:48.748005 [info ] [MainThread]: Done. PASS=1 WARN=0 ERROR=0 SKIP=0 TOTAL=1
[0m17:39:48.748970 [debug] [MainThread]: Resource report: {"command_name": "run", "command_success": true, "command_wall_clock_time": 1.3586675, "process_in_blocks": "40", "process_kernel_time": 0.182922, "process_mem_max_rss": "124056", "process_out_blocks": "2696", "process_user_time": 3.071699}
[0m17:39:48.749587 [debug] [MainThread]: Command `cli run` succeeded at 17:39:48.749482 after 1.36 seconds
[0m17:39:48.750003 [debug] [MainThread]: Sending event: {'category': 'dbt', 'action': 'invocation', 'label': 'end', 'context': [<snowplow_tracker.self_describing_json.SelfDescribingJson object at 0x79e7611c5210>, <snowplow_tracker.self_describing_json.SelfDescribingJson object at 0x79e76241cb50>, <snowplow_tracker.self_describing_json.SelfDescribingJson object at 0x79e75fdb9240>]}
[0m17:39:48.750454 [debug] [MainThread]: Flushing usage events
[0m17:39:49.919879 [debug] [MainThread]: An error was encountered while trying to flush usage events
[0m18:03:34.194543 [debug] [MainThread]: Sending event: {'category': 'dbt', 'action': 'invocation', 'label': 'start', 'context': [<snowplow_tracker.self_describing_json.SelfDescribingJson object at 0x72b69d1c1150>, <snowplow_tracker.self_describing_json.SelfDescribingJson object at 0x72b69c3b7010>, <snowplow_tracker.self_describing_json.SelfDescribingJson object at 0x72b69c3b6fb0>]}


============================== 18:03:34.197082 | b779e02e-9cc7-43f6-9ce7-ddb15f3f58ba ==============================
[0m18:03:34.197082 [info ] [MainThread]: Running with dbt=1.9.3
[0m18:03:34.197603 [debug] [MainThread]: running dbt with arguments {'printer_width': '80', 'indirect_selection': 'eager', 'log_cache_events': 'False', 'write_json': 'True', 'partial_parse': 'True', 'cache_selected_only': 'False', 'warn_error': 'None', 'debug': 'False', 'version_check': 'True', 'log_path': '/home/prasannak/Documents/dbt_project/dbt_project/logs', 'fail_fast': 'False', 'profiles_dir': '/home/prasannak/.dbt', 'use_colors': 'True', 'use_experimental_parser': 'False', 'empty': 'None', 'quiet': 'False', 'no_print': 'None', 'log_format': 'default', 'introspect': 'True', 'warn_error_options': 'WarnErrorOptions(include=[], exclude=[])', 'static_parser': 'True', 'target_path': 'None', 'invocation_command': 'dbt ', 'send_anonymous_usage_stats': 'True'}
[0m18:03:34.202979 [info ] [MainThread]: dbt version: 1.9.3
[0m18:03:34.203571 [info ] [MainThread]: python version: 3.10.12
[0m18:03:34.204033 [info ] [MainThread]: python path: /bin/python3
[0m18:03:34.204402 [info ] [MainThread]: os info: Linux-6.12.10-76061203-generic-x86_64-with-glibc2.35
[0m18:03:34.257311 [info ] [MainThread]: Using profiles dir at /home/prasannak/.dbt
[0m18:03:34.257798 [info ] [MainThread]: Using profiles.yml file at /home/prasannak/.dbt/profiles.yml
[0m18:03:34.258151 [info ] [MainThread]: Using dbt_project.yml file at /home/prasannak/Documents/dbt_project/dbt_project/dbt_project.yml
[0m18:03:34.258598 [info ] [MainThread]: adapter type: postgres
[0m18:03:34.258942 [info ] [MainThread]: adapter version: 1.9.0
[0m18:03:34.371671 [info ] [MainThread]: Configuration:
[0m18:03:34.372144 [info ] [MainThread]:   profiles.yml file [[32mOK found and valid[0m]
[0m18:03:34.372456 [info ] [MainThread]:   dbt_project.yml file [[32mOK found and valid[0m]
[0m18:03:34.372861 [info ] [MainThread]: Required dependencies:
[0m18:03:34.373255 [debug] [MainThread]: Executing "git --help"
[0m18:03:34.374880 [debug] [MainThread]: STDOUT: "b"usage: git [--version] [--help] [-C <path>] [-c <name>=<value>]\n           [--exec-path[=<path>]] [--html-path] [--man-path] [--info-path]\n           [-p | --paginate | -P | --no-pager] [--no-replace-objects] [--bare]\n           [--git-dir=<path>] [--work-tree=<path>] [--namespace=<name>]\n           [--super-prefix=<path>] [--config-env=<name>=<envvar>]\n           <command> [<args>]\n\nThese are common Git commands used in various situations:\n\nstart a working area (see also: git help tutorial)\n   clone     Clone a repository into a new directory\n   init      Create an empty Git repository or reinitialize an existing one\n\nwork on the current change (see also: git help everyday)\n   add       Add file contents to the index\n   mv        Move or rename a file, a directory, or a symlink\n   restore   Restore working tree files\n   rm        Remove files from the working tree and from the index\n\nexamine the history and state (see also: git help revisions)\n   bisect    Use binary search to find the commit that introduced a bug\n   diff      Show changes between commits, commit and working tree, etc\n   grep      Print lines matching a pattern\n   log       Show commit logs\n   show      Show various types of objects\n   status    Show the working tree status\n\ngrow, mark and tweak your common history\n   branch    List, create, or delete branches\n   commit    Record changes to the repository\n   merge     Join two or more development histories together\n   rebase    Reapply commits on top of another base tip\n   reset     Reset current HEAD to the specified state\n   switch    Switch branches\n   tag       Create, list, delete or verify a tag object signed with GPG\n\ncollaborate (see also: git help workflows)\n   fetch     Download objects and refs from another repository\n   pull      Fetch from and integrate with another repository or a local branch\n   push      Update remote refs along with associated objects\n\n'git help -a' and 'git help -g' list available subcommands and some\nconcept guides. See 'git help <command>' or 'git help <concept>'\nto read about a specific subcommand or concept.\nSee 'git help git' for an overview of the system.\n""
[0m18:03:34.375269 [debug] [MainThread]: STDERR: "b''"
[0m18:03:34.375570 [info ] [MainThread]:  - git [[32mOK found[0m]

[0m18:03:34.375881 [info ] [MainThread]: Connection:
[0m18:03:34.376204 [info ] [MainThread]:   host: localhost
[0m18:03:34.376558 [info ] [MainThread]:   port: 5432
[0m18:03:34.376881 [info ] [MainThread]:   user: admin
[0m18:03:34.377256 [info ] [MainThread]:   database: metastore_db
[0m18:03:34.377569 [info ] [MainThread]:   schema: public
[0m18:03:34.377842 [info ] [MainThread]:   connect_timeout: 10
[0m18:03:34.378121 [info ] [MainThread]:   role: None
[0m18:03:34.378488 [info ] [MainThread]:   search_path: None
[0m18:03:34.378829 [info ] [MainThread]:   keepalives_idle: 0
[0m18:03:34.379238 [info ] [MainThread]:   sslmode: None
[0m18:03:34.379611 [info ] [MainThread]:   sslcert: None
[0m18:03:34.380025 [info ] [MainThread]:   sslkey: None
[0m18:03:34.380336 [info ] [MainThread]:   sslrootcert: None
[0m18:03:34.380625 [info ] [MainThread]:   application_name: dbt
[0m18:03:34.380908 [info ] [MainThread]:   retries: 1
[0m18:03:34.381428 [info ] [MainThread]: Registered adapter: postgres=1.9.0
[0m18:03:34.435933 [debug] [MainThread]: Acquiring new postgres connection 'debug'
[0m18:03:34.452699 [debug] [MainThread]: Using postgres connection "debug"
[0m18:03:34.453149 [debug] [MainThread]: On debug: select 1 as id
[0m18:03:34.453451 [debug] [MainThread]: Opening a new connection, currently in state init
[0m18:03:34.457184 [debug] [MainThread]: SQL status: SELECT 1 in 0.004 seconds
[0m18:03:34.458224 [debug] [MainThread]: On debug: Close
[0m18:03:34.458624 [info ] [MainThread]:   Connection test: [[32mOK connection ok[0m]

[0m18:03:34.458953 [info ] [MainThread]: [32mAll checks passed![0m
[0m18:03:34.459829 [debug] [MainThread]: Resource report: {"command_name": "debug", "command_success": true, "command_wall_clock_time": 0.32561603, "process_in_blocks": "0", "process_kernel_time": 0.096001, "process_mem_max_rss": "114512", "process_out_blocks": "24", "process_user_time": 1.418019}
[0m18:03:34.460480 [debug] [MainThread]: Command `cli debug` succeeded at 18:03:34.460386 after 0.33 seconds
[0m18:03:34.460794 [debug] [MainThread]: Connection 'debug' was properly closed.
[0m18:03:34.461115 [debug] [MainThread]: Sending event: {'category': 'dbt', 'action': 'invocation', 'label': 'end', 'context': [<snowplow_tracker.self_describing_json.SelfDescribingJson object at 0x72b69d1c1150>, <snowplow_tracker.self_describing_json.SelfDescribingJson object at 0x72b69c3b6f50>, <snowplow_tracker.self_describing_json.SelfDescribingJson object at 0x72b69d261180>]}
[0m18:03:34.461466 [debug] [MainThread]: Flushing usage events
[0m18:03:35.757962 [debug] [MainThread]: An error was encountered while trying to flush usage events
[0m18:05:56.147908 [debug] [MainThread]: Sending event: {'category': 'dbt', 'action': 'invocation', 'label': 'start', 'context': [<snowplow_tracker.self_describing_json.SelfDescribingJson object at 0x7f3e31255120>, <snowplow_tracker.self_describing_json.SelfDescribingJson object at 0x7f3e3044b220>, <snowplow_tracker.self_describing_json.SelfDescribingJson object at 0x7f3e3044b1c0>]}


============================== 18:05:56.150199 | abe610fd-2940-4c6d-b490-fa3a9477879a ==============================
[0m18:05:56.150199 [info ] [MainThread]: Running with dbt=1.9.3
[0m18:05:56.150737 [debug] [MainThread]: running dbt with arguments {'printer_width': '80', 'indirect_selection': 'eager', 'write_json': 'True', 'log_cache_events': 'False', 'partial_parse': 'True', 'cache_selected_only': 'False', 'warn_error': 'None', 'debug': 'False', 'version_check': 'True', 'log_path': '/home/prasannak/Documents/dbt_project/dbt_project/logs', 'fail_fast': 'False', 'profiles_dir': '/home/prasannak/.dbt', 'use_colors': 'True', 'use_experimental_parser': 'False', 'no_print': 'None', 'quiet': 'False', 'empty': 'False', 'log_format': 'default', 'invocation_command': 'dbt ', 'introspect': 'True', 'warn_error_options': 'WarnErrorOptions(include=[], exclude=[])', 'target_path': 'None', 'static_parser': 'True', 'send_anonymous_usage_stats': 'True'}
[0m18:05:56.338269 [debug] [MainThread]: Sending event: {'category': 'dbt', 'action': 'project_id', 'label': 'abe610fd-2940-4c6d-b490-fa3a9477879a', 'context': [<snowplow_tracker.self_describing_json.SelfDescribingJson object at 0x7f3e324b3fa0>]}
[0m18:05:56.430263 [debug] [MainThread]: Sending event: {'category': 'dbt', 'action': 'adapter_info', 'label': 'abe610fd-2940-4c6d-b490-fa3a9477879a', 'context': [<snowplow_tracker.self_describing_json.SelfDescribingJson object at 0x7f3e30577ac0>]}
[0m18:05:56.431577 [info ] [MainThread]: Registered adapter: postgres=1.9.0
[0m18:05:56.578367 [debug] [MainThread]: checksum: 5671c00892cdbcef29c3b00cc5ba7510c3d18a35c883caeb9ab9ee266dc29c8f, vars: {}, profile: , target: , version: 1.9.3
[0m18:05:56.808089 [debug] [MainThread]: Partial parsing enabled: 0 files deleted, 0 files added, 0 files changed.
[0m18:05:56.808570 [debug] [MainThread]: Partial parsing enabled, no changes found, skipping parsing
[0m18:05:56.883525 [debug] [MainThread]: Sending event: {'category': 'dbt', 'action': 'load_project', 'label': 'abe610fd-2940-4c6d-b490-fa3a9477879a', 'context': [<snowplow_tracker.self_describing_json.SelfDescribingJson object at 0x7f3e308e5d20>]}
[0m18:05:57.005467 [debug] [MainThread]: Wrote artifact WritableManifest to /home/prasannak/Documents/dbt_project/dbt_project/target/manifest.json
[0m18:05:57.011477 [debug] [MainThread]: Wrote artifact SemanticManifest to /home/prasannak/Documents/dbt_project/dbt_project/target/semantic_manifest.json
[0m18:05:57.034530 [debug] [MainThread]: Sending event: {'category': 'dbt', 'action': 'resource_counts', 'label': 'abe610fd-2940-4c6d-b490-fa3a9477879a', 'context': [<snowplow_tracker.self_describing_json.SelfDescribingJson object at 0x7f3e2f925ba0>]}
[0m18:05:57.035136 [info ] [MainThread]: Found 11 models, 4 snapshots, 8 data tests, 1 seed, 585 macros
[0m18:05:57.037650 [info ] [MainThread]: 
[0m18:05:57.038066 [info ] [MainThread]: Concurrency: 1 threads (target='dev')
[0m18:05:57.038402 [info ] [MainThread]: 
[0m18:05:57.038899 [debug] [MainThread]: Acquiring new postgres connection 'master'
[0m18:05:57.045435 [debug] [ThreadPool]: Acquiring new postgres connection 'list_metastore_db'
[0m18:05:57.073958 [debug] [ThreadPool]: Using postgres connection "list_metastore_db"
[0m18:05:57.074460 [debug] [ThreadPool]: On list_metastore_db: /* {"app": "dbt", "dbt_version": "1.9.3", "profile_name": "dbt_project", "target_name": "dev", "connection_name": "list_metastore_db"} */

    select distinct nspname from pg_namespace
  
[0m18:05:57.074924 [debug] [ThreadPool]: Opening a new connection, currently in state init
[0m18:05:57.081909 [debug] [ThreadPool]: SQL status: SELECT 6 in 0.007 seconds
[0m18:05:57.083242 [debug] [ThreadPool]: On list_metastore_db: Close
[0m18:05:57.086002 [debug] [ThreadPool]: Using postgres connection "list_metastore_db"
[0m18:05:57.086429 [debug] [ThreadPool]: On list_metastore_db: /* {"app": "dbt", "dbt_version": "1.9.3", "profile_name": "dbt_project", "target_name": "dev", "connection_name": "list_metastore_db"} */

    select distinct nspname from pg_namespace
  
[0m18:05:57.086722 [debug] [ThreadPool]: Opening a new connection, currently in state closed
[0m18:05:57.090581 [debug] [ThreadPool]: SQL status: SELECT 6 in 0.004 seconds
[0m18:05:57.092160 [debug] [ThreadPool]: On list_metastore_db: Close
[0m18:05:57.095033 [debug] [ThreadPool]: Re-using an available connection from the pool (formerly list_metastore_db, now create_metastore_db_snapshots)
[0m18:05:57.096503 [debug] [ThreadPool]: Creating schema "database: "metastore_db"
schema: "snapshots"
"
[0m18:05:57.102213 [debug] [ThreadPool]: Using postgres connection "create_metastore_db_snapshots"
[0m18:05:57.102607 [debug] [ThreadPool]: On create_metastore_db_snapshots: BEGIN
[0m18:05:57.102894 [debug] [ThreadPool]: Opening a new connection, currently in state closed
[0m18:05:57.105918 [debug] [ThreadPool]: SQL status: BEGIN in 0.003 seconds
[0m18:05:57.106317 [debug] [ThreadPool]: Using postgres connection "create_metastore_db_snapshots"
[0m18:05:57.106639 [debug] [ThreadPool]: On create_metastore_db_snapshots: /* {"app": "dbt", "dbt_version": "1.9.3", "profile_name": "dbt_project", "target_name": "dev", "connection_name": "create_metastore_db_snapshots"} */
create schema if not exists "snapshots"
[0m18:05:57.108055 [debug] [ThreadPool]: SQL status: CREATE SCHEMA in 0.001 seconds
[0m18:05:57.109669 [debug] [ThreadPool]: On create_metastore_db_snapshots: COMMIT
[0m18:05:57.110814 [debug] [ThreadPool]: Using postgres connection "create_metastore_db_snapshots"
[0m18:05:57.111438 [debug] [ThreadPool]: On create_metastore_db_snapshots: COMMIT
[0m18:05:57.113132 [debug] [ThreadPool]: SQL status: COMMIT in 0.001 seconds
[0m18:05:57.113528 [debug] [ThreadPool]: On create_metastore_db_snapshots: Close
[0m18:05:57.115873 [debug] [ThreadPool]: Re-using an available connection from the pool (formerly create_metastore_db_snapshots, now list_metastore_db_public)
[0m18:05:57.121574 [debug] [ThreadPool]: Using postgres connection "list_metastore_db_public"
[0m18:05:57.122067 [debug] [ThreadPool]: On list_metastore_db_public: BEGIN
[0m18:05:57.122417 [debug] [ThreadPool]: Opening a new connection, currently in state closed
[0m18:05:57.126570 [debug] [ThreadPool]: SQL status: BEGIN in 0.004 seconds
[0m18:05:57.127760 [debug] [ThreadPool]: Using postgres connection "list_metastore_db_public"
[0m18:05:57.128516 [debug] [ThreadPool]: On list_metastore_db_public: /* {"app": "dbt", "dbt_version": "1.9.3", "profile_name": "dbt_project", "target_name": "dev", "connection_name": "list_metastore_db_public"} */
select
      'metastore_db' as database,
      tablename as name,
      schemaname as schema,
      'table' as type
    from pg_tables
    where schemaname ilike 'public'
    union all
    select
      'metastore_db' as database,
      viewname as name,
      schemaname as schema,
      'view' as type
    from pg_views
    where schemaname ilike 'public'
    union all
    select
      'metastore_db' as database,
      matviewname as name,
      schemaname as schema,
      'materialized_view' as type
    from pg_matviews
    where schemaname ilike 'public'
  
[0m18:05:57.132494 [debug] [ThreadPool]: SQL status: SELECT 7 in 0.004 seconds
[0m18:05:57.134028 [debug] [ThreadPool]: On list_metastore_db_public: ROLLBACK
[0m18:05:57.134639 [debug] [ThreadPool]: On list_metastore_db_public: Close
[0m18:05:57.135220 [debug] [ThreadPool]: Re-using an available connection from the pool (formerly list_metastore_db_public, now list_metastore_db_snapshots)
[0m18:05:57.139225 [debug] [ThreadPool]: Using postgres connection "list_metastore_db_snapshots"
[0m18:05:57.139576 [debug] [ThreadPool]: On list_metastore_db_snapshots: BEGIN
[0m18:05:57.139841 [debug] [ThreadPool]: Opening a new connection, currently in state closed
[0m18:05:57.143554 [debug] [ThreadPool]: SQL status: BEGIN in 0.004 seconds
[0m18:05:57.144539 [debug] [ThreadPool]: Using postgres connection "list_metastore_db_snapshots"
[0m18:05:57.144939 [debug] [ThreadPool]: On list_metastore_db_snapshots: /* {"app": "dbt", "dbt_version": "1.9.3", "profile_name": "dbt_project", "target_name": "dev", "connection_name": "list_metastore_db_snapshots"} */
select
      'metastore_db' as database,
      tablename as name,
      schemaname as schema,
      'table' as type
    from pg_tables
    where schemaname ilike 'snapshots'
    union all
    select
      'metastore_db' as database,
      viewname as name,
      schemaname as schema,
      'view' as type
    from pg_views
    where schemaname ilike 'snapshots'
    union all
    select
      'metastore_db' as database,
      matviewname as name,
      schemaname as schema,
      'materialized_view' as type
    from pg_matviews
    where schemaname ilike 'snapshots'
  
[0m18:05:57.148613 [debug] [ThreadPool]: SQL status: SELECT 0 in 0.003 seconds
[0m18:05:57.149772 [debug] [ThreadPool]: On list_metastore_db_snapshots: ROLLBACK
[0m18:05:57.150331 [debug] [ThreadPool]: On list_metastore_db_snapshots: Close
[0m18:05:57.155294 [debug] [MainThread]: Using postgres connection "master"
[0m18:05:57.155708 [debug] [MainThread]: On master: BEGIN
[0m18:05:57.155996 [debug] [MainThread]: Opening a new connection, currently in state init
[0m18:05:57.160400 [debug] [MainThread]: SQL status: BEGIN in 0.004 seconds
[0m18:05:57.161856 [debug] [MainThread]: Using postgres connection "master"
[0m18:05:57.162737 [debug] [MainThread]: On master: /* {"app": "dbt", "dbt_version": "1.9.3", "profile_name": "dbt_project", "target_name": "dev", "connection_name": "master"} */
with relation as (
        select
            pg_rewrite.ev_class as class,
            pg_rewrite.oid as id
        from pg_rewrite
    ),
    class as (
        select
            oid as id,
            relname as name,
            relnamespace as schema,
            relkind as kind
        from pg_class
    ),
    dependency as (
        select distinct
            pg_depend.objid as id,
            pg_depend.refobjid as ref
        from pg_depend
    ),
    schema as (
        select
            pg_namespace.oid as id,
            pg_namespace.nspname as name
        from pg_namespace
        where nspname != 'information_schema' and nspname not like 'pg\_%'
    ),
    referenced as (
        select
            relation.id AS id,
            referenced_class.name ,
            referenced_class.schema ,
            referenced_class.kind
        from relation
        join class as referenced_class on relation.class=referenced_class.id
        where referenced_class.kind in ('r', 'v', 'm')
    ),
    relationships as (
        select
            referenced.name as referenced_name,
            referenced.schema as referenced_schema_id,
            dependent_class.name as dependent_name,
            dependent_class.schema as dependent_schema_id,
            referenced.kind as kind
        from referenced
        join dependency on referenced.id=dependency.id
        join class as dependent_class on dependency.ref=dependent_class.id
        where
            (referenced.name != dependent_class.name or
             referenced.schema != dependent_class.schema)
    )

    select
        referenced_schema.name as referenced_schema,
        relationships.referenced_name as referenced_name,
        dependent_schema.name as dependent_schema,
        relationships.dependent_name as dependent_name
    from relationships
    join schema as dependent_schema on relationships.dependent_schema_id=dependent_schema.id
    join schema as referenced_schema on relationships.referenced_schema_id=referenced_schema.id
    group by referenced_schema, referenced_name, dependent_schema, dependent_name
    order by referenced_schema, referenced_name, dependent_schema, dependent_name;
[0m18:05:57.169187 [debug] [MainThread]: SQL status: SELECT 0 in 0.006 seconds
[0m18:05:57.170251 [debug] [MainThread]: Sending event: {'category': 'dbt', 'action': 'runnable_timing', 'label': 'abe610fd-2940-4c6d-b490-fa3a9477879a', 'context': [<snowplow_tracker.self_describing_json.SelfDescribingJson object at 0x7f3e2e516e60>]}
[0m18:05:57.170718 [debug] [MainThread]: On master: ROLLBACK
[0m18:05:57.171212 [debug] [MainThread]: Using postgres connection "master"
[0m18:05:57.171521 [debug] [MainThread]: On master: BEGIN
[0m18:05:57.172222 [debug] [MainThread]: SQL status: BEGIN in 0.000 seconds
[0m18:05:57.172544 [debug] [MainThread]: On master: COMMIT
[0m18:05:57.172843 [debug] [MainThread]: Using postgres connection "master"
[0m18:05:57.173128 [debug] [MainThread]: On master: COMMIT
[0m18:05:57.173535 [debug] [MainThread]: SQL status: COMMIT in 0.000 seconds
[0m18:05:57.173823 [debug] [MainThread]: On master: Close
[0m18:05:57.176536 [debug] [Thread-1 (]: Began running node model.dbt_project.customer
[0m18:05:57.178043 [info ] [Thread-1 (]: 1 of 24 START sql table model public.customer .................................. [RUN]
[0m18:05:57.178933 [debug] [Thread-1 (]: Re-using an available connection from the pool (formerly list_metastore_db_snapshots, now model.dbt_project.customer)
[0m18:05:57.179366 [debug] [Thread-1 (]: Began compiling node model.dbt_project.customer
[0m18:05:57.186850 [debug] [Thread-1 (]: Writing injected SQL for node "model.dbt_project.customer"
[0m18:05:57.187565 [debug] [Thread-1 (]: Began executing node model.dbt_project.customer
[0m18:05:57.222035 [debug] [Thread-1 (]: Writing runtime sql for node "model.dbt_project.customer"
[0m18:05:57.222872 [debug] [Thread-1 (]: Using postgres connection "model.dbt_project.customer"
[0m18:05:57.223300 [debug] [Thread-1 (]: On model.dbt_project.customer: BEGIN
[0m18:05:57.223621 [debug] [Thread-1 (]: Opening a new connection, currently in state closed
[0m18:05:57.227647 [debug] [Thread-1 (]: SQL status: BEGIN in 0.004 seconds
[0m18:05:57.228983 [debug] [Thread-1 (]: Using postgres connection "model.dbt_project.customer"
[0m18:05:57.229419 [debug] [Thread-1 (]: On model.dbt_project.customer: /* {"app": "dbt", "dbt_version": "1.9.3", "profile_name": "dbt_project", "target_name": "dev", "node_id": "model.dbt_project.customer"} */

  
    

  create  table "metastore_db"."public"."customer__dbt_tmp"
  
  
    as
  
  (
    

SELECT * FROM customers
  );
  
[0m18:05:57.233012 [debug] [Thread-1 (]: SQL status: SELECT 0 in 0.003 seconds
[0m18:05:57.239026 [debug] [Thread-1 (]: Using postgres connection "model.dbt_project.customer"
[0m18:05:57.239485 [debug] [Thread-1 (]: On model.dbt_project.customer: /* {"app": "dbt", "dbt_version": "1.9.3", "profile_name": "dbt_project", "target_name": "dev", "node_id": "model.dbt_project.customer"} */
alter table "metastore_db"."public"."customer" rename to "customer__dbt_backup"
[0m18:05:57.240348 [debug] [Thread-1 (]: SQL status: ALTER TABLE in 0.000 seconds
[0m18:05:57.244753 [debug] [Thread-1 (]: Using postgres connection "model.dbt_project.customer"
[0m18:05:57.245662 [debug] [Thread-1 (]: On model.dbt_project.customer: /* {"app": "dbt", "dbt_version": "1.9.3", "profile_name": "dbt_project", "target_name": "dev", "node_id": "model.dbt_project.customer"} */
alter table "metastore_db"."public"."customer__dbt_tmp" rename to "customer"
[0m18:05:57.246448 [debug] [Thread-1 (]: SQL status: ALTER TABLE in 0.000 seconds
[0m18:05:57.264181 [debug] [Thread-1 (]: On model.dbt_project.customer: COMMIT
[0m18:05:57.264661 [debug] [Thread-1 (]: Using postgres connection "model.dbt_project.customer"
[0m18:05:57.264976 [debug] [Thread-1 (]: On model.dbt_project.customer: COMMIT
[0m18:05:57.266266 [debug] [Thread-1 (]: SQL status: COMMIT in 0.001 seconds
[0m18:05:57.271711 [debug] [Thread-1 (]: Applying DROP to: "metastore_db"."public"."customer__dbt_backup"
[0m18:05:57.275529 [debug] [Thread-1 (]: Using postgres connection "model.dbt_project.customer"
[0m18:05:57.276069 [debug] [Thread-1 (]: On model.dbt_project.customer: /* {"app": "dbt", "dbt_version": "1.9.3", "profile_name": "dbt_project", "target_name": "dev", "node_id": "model.dbt_project.customer"} */
drop table if exists "metastore_db"."public"."customer__dbt_backup" cascade
[0m18:05:57.279750 [debug] [Thread-1 (]: SQL status: DROP TABLE in 0.003 seconds
[0m18:05:57.282154 [debug] [Thread-1 (]: On model.dbt_project.customer: Close
[0m18:05:57.283762 [debug] [Thread-1 (]: Sending event: {'category': 'dbt', 'action': 'run_model', 'label': 'abe610fd-2940-4c6d-b490-fa3a9477879a', 'context': [<snowplow_tracker.self_describing_json.SelfDescribingJson object at 0x7f3e2d1ca620>]}
[0m18:05:57.284458 [info ] [Thread-1 (]: 1 of 24 OK created sql table model public.customer ............................. [[32mSELECT 0[0m in 0.10s]
[0m18:05:57.285024 [debug] [Thread-1 (]: Finished running node model.dbt_project.customer
[0m18:05:57.285445 [debug] [Thread-1 (]: Began running node model.dbt_project.employee
[0m18:05:57.286030 [info ] [Thread-1 (]: 2 of 24 START sql table model public.employee .................................. [RUN]
[0m18:05:57.286517 [debug] [Thread-1 (]: Re-using an available connection from the pool (formerly model.dbt_project.customer, now model.dbt_project.employee)
[0m18:05:57.286886 [debug] [Thread-1 (]: Began compiling node model.dbt_project.employee
[0m18:05:57.291727 [debug] [Thread-1 (]: Writing injected SQL for node "model.dbt_project.employee"
[0m18:05:57.292919 [debug] [Thread-1 (]: Began executing node model.dbt_project.employee
[0m18:05:57.298843 [debug] [Thread-1 (]: Writing runtime sql for node "model.dbt_project.employee"
[0m18:05:57.299546 [debug] [Thread-1 (]: Using postgres connection "model.dbt_project.employee"
[0m18:05:57.299930 [debug] [Thread-1 (]: On model.dbt_project.employee: BEGIN
[0m18:05:57.300253 [debug] [Thread-1 (]: Opening a new connection, currently in state closed
[0m18:05:57.303253 [debug] [Thread-1 (]: SQL status: BEGIN in 0.003 seconds
[0m18:05:57.303706 [debug] [Thread-1 (]: Using postgres connection "model.dbt_project.employee"
[0m18:05:57.304070 [debug] [Thread-1 (]: On model.dbt_project.employee: /* {"app": "dbt", "dbt_version": "1.9.3", "profile_name": "dbt_project", "target_name": "dev", "node_id": "model.dbt_project.employee"} */

  
    

  create  table "metastore_db"."public"."employee__dbt_tmp"
  
  
    as
  
  (
    /*
    This model creates the 'employees' table and inserts sample records.
    You can modify the inserted records as needed.
*/

--This model creates the 'employees' table using a SELECT statement


select 
    id, 
    name, 
    
    coalesce(position, '#N/A')
 as position, 
    salary
from (
    select 
        1 as id, 
        'Alice Smith' as name, 
        'Software Engineer' as position, 
        75000.00 as salary
    union all
    select 
        2, 'Bob Johnson', NULL, 65000.00
    union all
    select 
        3, 'Charlie Brown', 'Project Manager', 85000.00
    union all
    select 
        4, 'Diana Prince', NULL, 75250.25
)
  );
  
[0m18:05:57.304761 [debug] [Thread-1 (]: Postgres adapter: Postgres error: subquery in FROM must have an alias
LINE 27: from (
              ^
HINT:  For example, FROM (SELECT ...) [AS] foo.

[0m18:05:57.305158 [debug] [Thread-1 (]: On model.dbt_project.employee: ROLLBACK
[0m18:05:57.305672 [debug] [Thread-1 (]: On model.dbt_project.employee: Close
[0m18:05:57.308637 [debug] [Thread-1 (]: Database Error in model employee (models/example/employee.sql)
  subquery in FROM must have an alias
  LINE 27: from (
                ^
  HINT:  For example, FROM (SELECT ...) [AS] foo.
  compiled code at target/run/dbt_project/models/example/employee.sql
[0m18:05:57.310732 [debug] [Thread-1 (]: Sending event: {'category': 'dbt', 'action': 'run_model', 'label': 'abe610fd-2940-4c6d-b490-fa3a9477879a', 'context': [<snowplow_tracker.self_describing_json.SelfDescribingJson object at 0x7f3e2f9264a0>]}
[0m18:05:57.312238 [error] [Thread-1 (]: 2 of 24 ERROR creating sql table model public.employee ......................... [[31mERROR[0m in 0.02s]
[0m18:05:57.312920 [debug] [Thread-1 (]: Finished running node model.dbt_project.employee
[0m18:05:57.313475 [debug] [Thread-1 (]: Began running node model.dbt_project.modified_asset
[0m18:05:57.314089 [debug] [Thread-4 (]: Marking all children of 'model.dbt_project.employee' to be skipped because of status 'error'.  Reason: Database Error in model employee (models/example/employee.sql)
  subquery in FROM must have an alias
  LINE 27: from (
                ^
  HINT:  For example, FROM (SELECT ...) [AS] foo.
  compiled code at target/run/dbt_project/models/example/employee.sql.
[0m18:05:57.314661 [info ] [Thread-1 (]: 3 of 24 START sql table model public.modified_asset ............................ [RUN]
[0m18:05:57.315584 [debug] [Thread-1 (]: Re-using an available connection from the pool (formerly model.dbt_project.employee, now model.dbt_project.modified_asset)
[0m18:05:57.315958 [debug] [Thread-1 (]: Began compiling node model.dbt_project.modified_asset
[0m18:05:57.319082 [debug] [Thread-1 (]: Writing injected SQL for node "model.dbt_project.modified_asset"
[0m18:05:57.319686 [debug] [Thread-1 (]: Began executing node model.dbt_project.modified_asset
[0m18:05:57.323082 [debug] [Thread-1 (]: Writing runtime sql for node "model.dbt_project.modified_asset"
[0m18:05:57.323747 [debug] [Thread-1 (]: Using postgres connection "model.dbt_project.modified_asset"
[0m18:05:57.324144 [debug] [Thread-1 (]: On model.dbt_project.modified_asset: BEGIN
[0m18:05:57.324483 [debug] [Thread-1 (]: Opening a new connection, currently in state closed
[0m18:05:57.330196 [debug] [Thread-1 (]: SQL status: BEGIN in 0.006 seconds
[0m18:05:57.330810 [debug] [Thread-1 (]: Using postgres connection "model.dbt_project.modified_asset"
[0m18:05:57.331227 [debug] [Thread-1 (]: On model.dbt_project.modified_asset: /* {"app": "dbt", "dbt_version": "1.9.3", "profile_name": "dbt_project", "target_name": "dev", "node_id": "model.dbt_project.modified_asset"} */

  
    

  create  table "metastore_db"."public"."modified_asset__dbt_tmp"
  
  
    as
  
  (
    

select 
    lob_client_code,
    business_unit,
    application_number,
    approved_date,
    close_date,
    lob,
    account_status,
    
    coalesce(deactivation_date, '#N/A')
 as deactivation_date, 
    
    coalesce(emi_end_date, '#N/A')
 as emi_end_date  
from public.asset
  );
  
[0m18:05:57.332273 [debug] [Thread-1 (]: Postgres adapter: Postgres error: relation "public.asset" does not exist
LINE 28: from public.asset
              ^

[0m18:05:57.332624 [debug] [Thread-1 (]: On model.dbt_project.modified_asset: ROLLBACK
[0m18:05:57.333177 [debug] [Thread-1 (]: On model.dbt_project.modified_asset: Close
[0m18:05:57.334139 [debug] [Thread-1 (]: Database Error in model modified_asset (models/example/modified_asset.sql)
  relation "public.asset" does not exist
  LINE 28: from public.asset
                ^
  compiled code at target/run/dbt_project/models/example/modified_asset.sql
[0m18:05:57.334752 [debug] [Thread-1 (]: Sending event: {'category': 'dbt', 'action': 'run_model', 'label': 'abe610fd-2940-4c6d-b490-fa3a9477879a', 'context': [<snowplow_tracker.self_describing_json.SelfDescribingJson object at 0x7f3e2f9264a0>]}
[0m18:05:57.335373 [error] [Thread-1 (]: 3 of 24 ERROR creating sql table model public.modified_asset ................... [[31mERROR[0m in 0.02s]
[0m18:05:57.335872 [debug] [Thread-1 (]: Finished running node model.dbt_project.modified_asset
[0m18:05:57.336252 [debug] [Thread-1 (]: Began running node model.dbt_project.web_fun
[0m18:05:57.336710 [info ] [Thread-1 (]: 4 of 24 START sql view model public.web_fun .................................... [RUN]
[0m18:05:57.337343 [debug] [Thread-4 (]: Marking all children of 'model.dbt_project.modified_asset' to be skipped because of status 'error'.  Reason: Database Error in model modified_asset (models/example/modified_asset.sql)
  relation "public.asset" does not exist
  LINE 28: from public.asset
                ^
  compiled code at target/run/dbt_project/models/example/modified_asset.sql.
[0m18:05:57.337870 [debug] [Thread-1 (]: Re-using an available connection from the pool (formerly model.dbt_project.modified_asset, now model.dbt_project.web_fun)
[0m18:05:57.338689 [debug] [Thread-1 (]: Began compiling node model.dbt_project.web_fun
[0m18:05:57.346463 [debug] [Thread-1 (]: Writing injected SQL for node "model.dbt_project.web_fun"
[0m18:05:57.347231 [debug] [Thread-1 (]: Began executing node model.dbt_project.web_fun
[0m18:05:57.366463 [debug] [Thread-1 (]: Writing runtime sql for node "model.dbt_project.web_fun"
[0m18:05:57.367219 [debug] [Thread-1 (]: Using postgres connection "model.dbt_project.web_fun"
[0m18:05:57.367626 [debug] [Thread-1 (]: On model.dbt_project.web_fun: BEGIN
[0m18:05:57.367948 [debug] [Thread-1 (]: Opening a new connection, currently in state closed
[0m18:05:57.371440 [debug] [Thread-1 (]: SQL status: BEGIN in 0.003 seconds
[0m18:05:57.372253 [debug] [Thread-1 (]: Using postgres connection "model.dbt_project.web_fun"
[0m18:05:57.372887 [debug] [Thread-1 (]: On model.dbt_project.web_fun: /* {"app": "dbt", "dbt_version": "1.9.3", "profile_name": "dbt_project", "target_name": "dev", "node_id": "model.dbt_project.web_fun"} */

  create view "metastore_db"."public"."web_fun__dbt_tmp"
    
    
  as (
    WITH employee_data AS (
    SELECT
        id,
        name,
        position,
        salary,
        
    CAST(
        SPLIT_PART(HOST("ip"::INET), '.', 1)::BIGINT * 256^3 +
        SPLIT_PART(HOST("ip"::INET), '.', 2)::BIGINT * 256^2 +
        SPLIT_PART(HOST("ip"::INET), '.', 3)::BIGINT * 256^1 +
        SPLIT_PART(HOST("ip"::INET), '.', 4)::BIGINT AS BIGINT
    )
 as ip_as_int,  -- Step 1: Create ip_as_int
        
    SUBSTRING(
        "url" FROM 
        CONCAT('(?<=', 'id', '=)[^&]*')
    )
 as url_id,
        
    SUBSTRING(
        "url" FROM 
        CONCAT('(?<=', 'name', '=)[^&]*')
    )
 as url_name
    FROM public.employee
),
converted_data AS (
    SELECT
        *,
        
    CONCAT_WS('.',
        ((ip_as_int >> 24) & 255)::TEXT,
        ((ip_as_int >> 16) & 255)::TEXT,
        ((ip_as_int >> 8) & 255)::TEXT,
        (ip_as_int & 255)::TEXT
    )::INET
 as ip_converted_back  -- Step 2: Use ip_as_int to convert back to IP
    FROM employee_data
)
SELECT * FROM converted_data
  );
[0m18:05:57.374361 [debug] [Thread-1 (]: Postgres adapter: Postgres error: relation "public.employee" does not exist
LINE 33:     FROM public.employee
                  ^

[0m18:05:57.375062 [debug] [Thread-1 (]: On model.dbt_project.web_fun: ROLLBACK
[0m18:05:57.376296 [debug] [Thread-1 (]: On model.dbt_project.web_fun: Close
[0m18:05:57.378797 [debug] [Thread-1 (]: Database Error in model web_fun (models/example/web_fun.sql)
  relation "public.employee" does not exist
  LINE 33:     FROM public.employee
                    ^
  compiled code at target/run/dbt_project/models/example/web_fun.sql
[0m18:05:57.380425 [debug] [Thread-1 (]: Sending event: {'category': 'dbt', 'action': 'run_model', 'label': 'abe610fd-2940-4c6d-b490-fa3a9477879a', 'context': [<snowplow_tracker.self_describing_json.SelfDescribingJson object at 0x7f3e31562200>]}
[0m18:05:57.381476 [error] [Thread-1 (]: 4 of 24 ERROR creating sql view model public.web_fun ........................... [[31mERROR[0m in 0.04s]
[0m18:05:57.382234 [debug] [Thread-1 (]: Finished running node model.dbt_project.web_fun
[0m18:05:57.382814 [debug] [Thread-1 (]: Began running node seed.dbt_project.customer_data
[0m18:05:57.383445 [info ] [Thread-1 (]: 5 of 24 START seed file public.customer_data ................................... [RUN]
[0m18:05:57.384105 [debug] [Thread-1 (]: Re-using an available connection from the pool (formerly model.dbt_project.web_fun, now seed.dbt_project.customer_data)
[0m18:05:57.384791 [debug] [Thread-4 (]: Marking all children of 'model.dbt_project.web_fun' to be skipped because of status 'error'.  Reason: Database Error in model web_fun (models/example/web_fun.sql)
  relation "public.employee" does not exist
  LINE 33:     FROM public.employee
                    ^
  compiled code at target/run/dbt_project/models/example/web_fun.sql.
[0m18:05:57.385304 [debug] [Thread-1 (]: Began compiling node seed.dbt_project.customer_data
[0m18:05:57.385986 [debug] [Thread-1 (]: Began executing node seed.dbt_project.customer_data
[0m18:05:57.421159 [debug] [Thread-1 (]: Using postgres connection "seed.dbt_project.customer_data"
[0m18:05:57.421780 [debug] [Thread-1 (]: On seed.dbt_project.customer_data: BEGIN
[0m18:05:57.422229 [debug] [Thread-1 (]: Opening a new connection, currently in state closed
[0m18:05:57.425853 [debug] [Thread-1 (]: SQL status: BEGIN in 0.003 seconds
[0m18:05:57.427262 [debug] [Thread-1 (]: Using postgres connection "seed.dbt_project.customer_data"
[0m18:05:57.427975 [debug] [Thread-1 (]: On seed.dbt_project.customer_data: /* {"app": "dbt", "dbt_version": "1.9.3", "profile_name": "dbt_project", "target_name": "dev", "node_id": "seed.dbt_project.customer_data"} */

    create table "metastore_db"."public"."customer_data" ("FirstName" text,"LastName" text,"Full_Name" text,"PersonEmail" text,"PersonGenderIdentity" text,"PersonBirthdate" date,"PersonMobilePhone" text,"Street_Address_1" text,"Street_Address_2" text,"Street_Address_3" integer,"City" text,"State" text,"Postal_Code" integer,"Country" text,"Nationality" text,"Customer_Risk_Rating" text,"Customer_Status" text,"KYC_Done_Date" date,"Common_Client_Code" text,"Company_Name" text,"Line_of_Business" text,"Maritual_Status" text,"PAN" text,"Passport_No" text,"Phone" text,"Salutation" text)
  
[0m18:05:57.432170 [debug] [Thread-1 (]: SQL status: CREATE TABLE in 0.003 seconds
[0m18:05:57.607064 [debug] [Thread-1 (]: Using postgres connection "seed.dbt_project.customer_data"
[0m18:05:57.607650 [debug] [Thread-1 (]: On seed.dbt_project.customer_data: 
          insert into "metastore_db"."public"."customer_data" ("FirstName", "LastName", "Full_Name", "PersonEmail", "PersonGenderIdentity", "PersonBirthdate", "PersonMobilePhone", "Street_Address_1", "Street_Address_2", "Street_Address_3", "City", "State", "Postal_Code", "Country", "Nationality", "Customer_Risk_Rating", "Customer_Status", "KYC_Done_Date", "Common_Client_Code", "Company_Name", "Line_of_Business", "Maritual_Status", "PAN", "Passport_No", "Phone", "Salutation") values
          (%s,%s,%s,%s,%...
[0m18:05:57.616032 [debug] [Thread-1 (]: SQL status: INSERT 0 101 in 0.008 seconds
[0m18:05:57.621052 [debug] [Thread-1 (]: Writing runtime SQL for node "seed.dbt_project.customer_data"
[0m18:05:57.622869 [debug] [Thread-1 (]: On seed.dbt_project.customer_data: COMMIT
[0m18:05:57.623428 [debug] [Thread-1 (]: Using postgres connection "seed.dbt_project.customer_data"
[0m18:05:57.623831 [debug] [Thread-1 (]: On seed.dbt_project.customer_data: COMMIT
[0m18:05:57.625092 [debug] [Thread-1 (]: SQL status: COMMIT in 0.001 seconds
[0m18:05:57.627356 [debug] [Thread-1 (]: On seed.dbt_project.customer_data: Close
[0m18:05:57.628443 [debug] [Thread-1 (]: Sending event: {'category': 'dbt', 'action': 'run_model', 'label': 'abe610fd-2940-4c6d-b490-fa3a9477879a', 'context': [<snowplow_tracker.self_describing_json.SelfDescribingJson object at 0x7f3e2d1ec070>]}
[0m18:05:57.629220 [info ] [Thread-1 (]: 5 of 24 OK loaded seed file public.customer_data ............................... [[32mINSERT 101[0m in 0.24s]
[0m18:05:57.630168 [debug] [Thread-1 (]: Finished running node seed.dbt_project.customer_data
[0m18:05:57.630667 [debug] [Thread-1 (]: Began running node snapshot.dbt_project.customer_update
[0m18:05:57.631164 [info ] [Thread-1 (]: 6 of 24 START snapshot snapshots.customer_update ............................... [RUN]
[0m18:05:57.631998 [debug] [Thread-1 (]: Re-using an available connection from the pool (formerly seed.dbt_project.customer_data, now snapshot.dbt_project.customer_update)
[0m18:05:57.632438 [debug] [Thread-1 (]: Began compiling node snapshot.dbt_project.customer_update
[0m18:05:57.636097 [debug] [Thread-1 (]: Began executing node snapshot.dbt_project.customer_update
[0m18:05:57.698277 [debug] [Thread-1 (]: Using postgres connection "snapshot.dbt_project.customer_update"
[0m18:05:57.698944 [debug] [Thread-1 (]: On snapshot.dbt_project.customer_update: /* {"app": "dbt", "dbt_version": "1.9.3", "profile_name": "dbt_project", "target_name": "dev", "node_id": "snapshot.dbt_project.customer_update"} */
select * from (
        
    

    select *,
        md5(coalesce(cast(customer_id as varchar ), '')
         || '|' || coalesce(cast(now()::timestamp without time zone as varchar ), '')
        ) as dbt_scd_id,
        now()::timestamp without time zone as dbt_updated_at,
        now()::timestamp without time zone as dbt_valid_from,
        
  
  coalesce(nullif(now()::timestamp without time zone, now()::timestamp without time zone), null)
  as dbt_valid_to
from (
        
    

   
    select
    *
    from public.customers

    ) sbq



    ) as __dbt_sbq
    where false
    limit 0

[0m18:05:57.699411 [debug] [Thread-1 (]: Opening a new connection, currently in state closed
[0m18:05:57.702725 [debug] [Thread-1 (]: Postgres adapter: Postgres error: column "customer_id" does not exist
LINE 7:         md5(coalesce(cast(customer_id as varchar ), '')
                                  ^
HINT:  Perhaps you meant to reference the column "sbq.customer_code".

[0m18:05:57.703394 [debug] [Thread-1 (]: On snapshot.dbt_project.customer_update: Close
[0m18:05:57.704487 [debug] [Thread-1 (]: Database Error in snapshot customer_update (snapshots/customer_update.sql)
  column "customer_id" does not exist
  LINE 7:         md5(coalesce(cast(customer_id as varchar ), '')
                                    ^
  HINT:  Perhaps you meant to reference the column "sbq.customer_code".
[0m18:05:57.705066 [debug] [Thread-1 (]: Sending event: {'category': 'dbt', 'action': 'run_model', 'label': 'abe610fd-2940-4c6d-b490-fa3a9477879a', 'context': [<snowplow_tracker.self_describing_json.SelfDescribingJson object at 0x7f3e2e504dc0>]}
[0m18:05:57.705836 [error] [Thread-1 (]: 6 of 24 ERROR snapshotting snapshots.customer_update ........................... [[31mERROR[0m in 0.07s]
[0m18:05:57.706382 [debug] [Thread-1 (]: Finished running node snapshot.dbt_project.customer_update
[0m18:05:57.706806 [debug] [Thread-1 (]: Began running node snapshot.dbt_project.customers_custom_strategy
[0m18:05:57.707264 [debug] [Thread-4 (]: Marking all children of 'snapshot.dbt_project.customer_update' to be skipped because of status 'error'.  Reason: Database Error in snapshot customer_update (snapshots/customer_update.sql)
  column "customer_id" does not exist
  LINE 7:         md5(coalesce(cast(customer_id as varchar ), '')
                                    ^
  HINT:  Perhaps you meant to reference the column "sbq.customer_code"..
[0m18:05:57.707841 [info ] [Thread-1 (]: 7 of 24 START snapshot snapshots.customers_custom_strategy ..................... [RUN]
[0m18:05:57.709147 [debug] [Thread-1 (]: Re-using an available connection from the pool (formerly snapshot.dbt_project.customer_update, now snapshot.dbt_project.customers_custom_strategy)
[0m18:05:57.710526 [debug] [Thread-1 (]: Began compiling node snapshot.dbt_project.customers_custom_strategy
[0m18:05:57.714951 [debug] [Thread-1 (]: Began executing node snapshot.dbt_project.customers_custom_strategy
[0m18:05:57.718583 [debug] [Thread-1 (]: Compilation Error in snapshot customers_custom_strategy (snapshots/custom_strategy.sql)
  The specified strategy macro 'my_custom_snapshot_strategy' was not found in package 'None'
  
  > in macro strategy_dispatch (macros/materializations/snapshots/strategies.sql)
  > called by macro materialization_snapshot_default (macros/materializations/snapshots/snapshot.sql)
  > called by snapshot customers_custom_strategy (snapshots/custom_strategy.sql)
[0m18:05:57.719193 [debug] [Thread-1 (]: Sending event: {'category': 'dbt', 'action': 'run_model', 'label': 'abe610fd-2940-4c6d-b490-fa3a9477879a', 'context': [<snowplow_tracker.self_describing_json.SelfDescribingJson object at 0x7f3e2d24a5f0>]}
[0m18:05:57.719921 [error] [Thread-1 (]: 7 of 24 ERROR snapshotting snapshots.customers_custom_strategy ................. [[31mERROR[0m in 0.01s]
[0m18:05:57.720558 [debug] [Thread-1 (]: Finished running node snapshot.dbt_project.customers_custom_strategy
[0m18:05:57.720972 [debug] [Thread-1 (]: Began running node snapshot.dbt_project.customers_history_snapshot
[0m18:05:57.721584 [debug] [Thread-4 (]: Marking all children of 'snapshot.dbt_project.customers_custom_strategy' to be skipped because of status 'error'.  Reason: Compilation Error in snapshot customers_custom_strategy (snapshots/custom_strategy.sql)
  The specified strategy macro 'my_custom_snapshot_strategy' was not found in package 'None'
  
  > in macro strategy_dispatch (macros/materializations/snapshots/strategies.sql)
  > called by macro materialization_snapshot_default (macros/materializations/snapshots/snapshot.sql)
  > called by snapshot customers_custom_strategy (snapshots/custom_strategy.sql).
[0m18:05:57.722223 [info ] [Thread-1 (]: 8 of 24 START snapshot snapshots.customers_history_snapshot .................... [RUN]
[0m18:05:57.722999 [debug] [Thread-1 (]: Re-using an available connection from the pool (formerly snapshot.dbt_project.customers_custom_strategy, now snapshot.dbt_project.customers_history_snapshot)
[0m18:05:57.723502 [debug] [Thread-1 (]: Began compiling node snapshot.dbt_project.customers_history_snapshot
[0m18:05:57.728013 [debug] [Thread-1 (]: Began executing node snapshot.dbt_project.customers_history_snapshot
[0m18:05:57.733311 [debug] [Thread-1 (]: Using postgres connection "snapshot.dbt_project.customers_history_snapshot"
[0m18:05:57.733841 [debug] [Thread-1 (]: On snapshot.dbt_project.customers_history_snapshot: /* {"app": "dbt", "dbt_version": "1.9.3", "profile_name": "dbt_project", "target_name": "dev", "node_id": "snapshot.dbt_project.customers_history_snapshot"} */
select * from (
        
    

    select *,
        md5(coalesce(cast(customer_id as varchar ), '')
         || '|' || coalesce(cast(now()::timestamp without time zone as varchar ), '')
        ) as dbt_scd_id,
        now()::timestamp without time zone as dbt_updated_at,
        now()::timestamp without time zone as dbt_valid_from,
        
  
  coalesce(nullif(now()::timestamp without time zone, now()::timestamp without time zone), null)
  as dbt_valid_to
from (
        
    
    select
    *
    from public.customers

    ) sbq



    ) as __dbt_sbq
    where false
    limit 0

[0m18:05:57.734223 [debug] [Thread-1 (]: Opening a new connection, currently in state closed
[0m18:05:57.737699 [debug] [Thread-1 (]: Postgres adapter: Postgres error: column "customer_id" does not exist
LINE 7:         md5(coalesce(cast(customer_id as varchar ), '')
                                  ^
HINT:  Perhaps you meant to reference the column "sbq.customer_code".

[0m18:05:57.738308 [debug] [Thread-1 (]: On snapshot.dbt_project.customers_history_snapshot: Close
[0m18:05:57.739386 [debug] [Thread-1 (]: Database Error in snapshot customers_history_snapshot (snapshots/customer_history_snapshot.sql)
  column "customer_id" does not exist
  LINE 7:         md5(coalesce(cast(customer_id as varchar ), '')
                                    ^
  HINT:  Perhaps you meant to reference the column "sbq.customer_code".
[0m18:05:57.739991 [debug] [Thread-1 (]: Sending event: {'category': 'dbt', 'action': 'run_model', 'label': 'abe610fd-2940-4c6d-b490-fa3a9477879a', 'context': [<snowplow_tracker.self_describing_json.SelfDescribingJson object at 0x7f3e31562200>]}
[0m18:05:57.740942 [error] [Thread-1 (]: 8 of 24 ERROR snapshotting snapshots.customers_history_snapshot ................ [[31mERROR[0m in 0.02s]
[0m18:05:57.741788 [debug] [Thread-1 (]: Finished running node snapshot.dbt_project.customers_history_snapshot
[0m18:05:57.742490 [debug] [Thread-1 (]: Began running node snapshot.dbt_project.customers_snapshot
[0m18:05:57.743547 [debug] [Thread-4 (]: Marking all children of 'snapshot.dbt_project.customers_history_snapshot' to be skipped because of status 'error'.  Reason: Database Error in snapshot customers_history_snapshot (snapshots/customer_history_snapshot.sql)
  column "customer_id" does not exist
  LINE 7:         md5(coalesce(cast(customer_id as varchar ), '')
                                    ^
  HINT:  Perhaps you meant to reference the column "sbq.customer_code"..
[0m18:05:57.744724 [info ] [Thread-1 (]: 9 of 24 START snapshot snapshots.customers_snapshot ............................ [RUN]
[0m18:05:57.747785 [debug] [Thread-1 (]: Re-using an available connection from the pool (formerly snapshot.dbt_project.customers_history_snapshot, now snapshot.dbt_project.customers_snapshot)
[0m18:05:57.749574 [debug] [Thread-1 (]: Began compiling node snapshot.dbt_project.customers_snapshot
[0m18:05:57.754337 [debug] [Thread-1 (]: Began executing node snapshot.dbt_project.customers_snapshot
[0m18:05:57.768619 [debug] [Thread-1 (]: Using postgres connection "snapshot.dbt_project.customers_snapshot"
[0m18:05:57.769695 [debug] [Thread-1 (]: On snapshot.dbt_project.customers_snapshot: /* {"app": "dbt", "dbt_version": "1.9.3", "profile_name": "dbt_project", "target_name": "dev", "node_id": "snapshot.dbt_project.customers_snapshot"} */
select * from (
        
    

    select *,
        md5(coalesce(cast(customer_id as varchar ), '')
         || '|' || coalesce(cast(updated_at as varchar ), '')
        ) as dbt_scd_id,
        updated_at as dbt_updated_at,
        updated_at as dbt_valid_from,
        
  
  coalesce(nullif(updated_at, updated_at), null)
  as dbt_valid_to
from (
        
    

   
    select
    *
    from public.customers

    ) sbq



    ) as __dbt_sbq
    where false
    limit 0

[0m18:05:57.770367 [debug] [Thread-1 (]: Opening a new connection, currently in state closed
[0m18:05:57.773886 [debug] [Thread-1 (]: Postgres adapter: Postgres error: column "customer_id" does not exist
LINE 7:         md5(coalesce(cast(customer_id as varchar ), '')
                                  ^
HINT:  Perhaps you meant to reference the column "sbq.customer_code".

[0m18:05:57.774495 [debug] [Thread-1 (]: On snapshot.dbt_project.customers_snapshot: Close
[0m18:05:57.776846 [debug] [Thread-1 (]: Database Error in snapshot customers_snapshot (snapshots/customers_snapshot.sql)
  column "customer_id" does not exist
  LINE 7:         md5(coalesce(cast(customer_id as varchar ), '')
                                    ^
  HINT:  Perhaps you meant to reference the column "sbq.customer_code".
[0m18:05:57.778641 [debug] [Thread-1 (]: Sending event: {'category': 'dbt', 'action': 'run_model', 'label': 'abe610fd-2940-4c6d-b490-fa3a9477879a', 'context': [<snowplow_tracker.self_describing_json.SelfDescribingJson object at 0x7f3e1f5167d0>]}
[0m18:05:57.780031 [error] [Thread-1 (]: 9 of 24 ERROR snapshotting snapshots.customers_snapshot ........................ [[31mERROR[0m in 0.03s]
[0m18:05:57.780633 [debug] [Thread-1 (]: Finished running node snapshot.dbt_project.customers_snapshot
[0m18:05:57.781130 [debug] [Thread-1 (]: Began running node test.dbt_project.not_null_customer_id.adb2edb66e
[0m18:05:57.781562 [debug] [Thread-4 (]: Marking all children of 'snapshot.dbt_project.customers_snapshot' to be skipped because of status 'error'.  Reason: Database Error in snapshot customers_snapshot (snapshots/customers_snapshot.sql)
  column "customer_id" does not exist
  LINE 7:         md5(coalesce(cast(customer_id as varchar ), '')
                                    ^
  HINT:  Perhaps you meant to reference the column "sbq.customer_code"..
[0m18:05:57.781933 [info ] [Thread-1 (]: 10 of 24 START test not_null_customer_id ....................................... [RUN]
[0m18:05:57.782694 [debug] [Thread-1 (]: Re-using an available connection from the pool (formerly snapshot.dbt_project.customers_snapshot, now test.dbt_project.not_null_customer_id.adb2edb66e)
[0m18:05:57.783300 [debug] [Thread-1 (]: Began compiling node test.dbt_project.not_null_customer_id.adb2edb66e
[0m18:05:57.795990 [debug] [Thread-1 (]: Writing injected SQL for node "test.dbt_project.not_null_customer_id.adb2edb66e"
[0m18:05:57.797076 [debug] [Thread-1 (]: Began executing node test.dbt_project.not_null_customer_id.adb2edb66e
[0m18:05:57.810913 [debug] [Thread-1 (]: Writing runtime sql for node "test.dbt_project.not_null_customer_id.adb2edb66e"
[0m18:05:57.812638 [debug] [Thread-1 (]: Using postgres connection "test.dbt_project.not_null_customer_id.adb2edb66e"
[0m18:05:57.813075 [debug] [Thread-1 (]: On test.dbt_project.not_null_customer_id.adb2edb66e: BEGIN
[0m18:05:57.813431 [debug] [Thread-1 (]: Opening a new connection, currently in state closed
[0m18:05:57.816673 [debug] [Thread-1 (]: SQL status: BEGIN in 0.003 seconds
[0m18:05:57.817192 [debug] [Thread-1 (]: Using postgres connection "test.dbt_project.not_null_customer_id.adb2edb66e"
[0m18:05:57.817557 [debug] [Thread-1 (]: On test.dbt_project.not_null_customer_id.adb2edb66e: /* {"app": "dbt", "dbt_version": "1.9.3", "profile_name": "dbt_project", "target_name": "dev", "node_id": "test.dbt_project.not_null_customer_id.adb2edb66e"} */
select
      count(*) as failures,
      count(*) != 0 as should_warn,
      count(*) != 0 as should_error
    from (
      
    
    



select id
from "metastore_db"."public"."customer"
where id is null



      
    ) dbt_internal_test
[0m18:05:57.818850 [debug] [Thread-1 (]: SQL status: SELECT 1 in 0.001 seconds
[0m18:05:57.821964 [debug] [Thread-1 (]: On test.dbt_project.not_null_customer_id.adb2edb66e: ROLLBACK
[0m18:05:57.822614 [debug] [Thread-1 (]: On test.dbt_project.not_null_customer_id.adb2edb66e: Close
[0m18:05:57.823252 [info ] [Thread-1 (]: 10 of 24 PASS not_null_customer_id ............................................. [[32mPASS[0m in 0.04s]
[0m18:05:57.823950 [debug] [Thread-1 (]: Finished running node test.dbt_project.not_null_customer_id.adb2edb66e
[0m18:05:57.824524 [debug] [Thread-1 (]: Began running node test.dbt_project.unique_customer_id.d22032a29c
[0m18:05:57.825242 [info ] [Thread-1 (]: 11 of 24 START test unique_customer_id ......................................... [RUN]
[0m18:05:57.827155 [debug] [Thread-1 (]: Re-using an available connection from the pool (formerly test.dbt_project.not_null_customer_id.adb2edb66e, now test.dbt_project.unique_customer_id.d22032a29c)
[0m18:05:57.828043 [debug] [Thread-1 (]: Began compiling node test.dbt_project.unique_customer_id.d22032a29c
[0m18:05:57.835633 [debug] [Thread-1 (]: Writing injected SQL for node "test.dbt_project.unique_customer_id.d22032a29c"
[0m18:05:57.836333 [debug] [Thread-1 (]: Began executing node test.dbt_project.unique_customer_id.d22032a29c
[0m18:05:57.902761 [debug] [Thread-1 (]: Writing runtime sql for node "test.dbt_project.unique_customer_id.d22032a29c"
[0m18:05:57.903517 [debug] [Thread-1 (]: Using postgres connection "test.dbt_project.unique_customer_id.d22032a29c"
[0m18:05:57.903910 [debug] [Thread-1 (]: On test.dbt_project.unique_customer_id.d22032a29c: BEGIN
[0m18:05:57.904238 [debug] [Thread-1 (]: Opening a new connection, currently in state closed
[0m18:05:57.907523 [debug] [Thread-1 (]: SQL status: BEGIN in 0.003 seconds
[0m18:05:57.908048 [debug] [Thread-1 (]: Using postgres connection "test.dbt_project.unique_customer_id.d22032a29c"
[0m18:05:57.908439 [debug] [Thread-1 (]: On test.dbt_project.unique_customer_id.d22032a29c: /* {"app": "dbt", "dbt_version": "1.9.3", "profile_name": "dbt_project", "target_name": "dev", "node_id": "test.dbt_project.unique_customer_id.d22032a29c"} */
select
      count(*) as failures,
      count(*) != 0 as should_warn,
      count(*) != 0 as should_error
    from (
      
    
    

select
    id as unique_field,
    count(*) as n_records

from "metastore_db"."public"."customer"
where id is not null
group by id
having count(*) > 1



      
    ) dbt_internal_test
[0m18:05:57.911592 [debug] [Thread-1 (]: SQL status: SELECT 1 in 0.003 seconds
[0m18:05:57.913654 [debug] [Thread-1 (]: On test.dbt_project.unique_customer_id.d22032a29c: ROLLBACK
[0m18:05:57.914471 [debug] [Thread-1 (]: On test.dbt_project.unique_customer_id.d22032a29c: Close
[0m18:05:57.915225 [info ] [Thread-1 (]: 11 of 24 PASS unique_customer_id ............................................... [[32mPASS[0m in 0.09s]
[0m18:05:57.915864 [debug] [Thread-1 (]: Finished running node test.dbt_project.unique_customer_id.d22032a29c
[0m18:05:57.916369 [debug] [Thread-1 (]: Began running node test.dbt_project.accepted_values_modified_asset_lob__DIGITAL.215bd1d0be
[0m18:05:57.916834 [info ] [Thread-1 (]: 12 of 24 SKIP test accepted_values_modified_asset_lob__DIGITAL ................. [[33mSKIP[0m]
[0m18:05:57.917243 [debug] [Thread-1 (]: Finished running node test.dbt_project.accepted_values_modified_asset_lob__DIGITAL.215bd1d0be
[0m18:05:57.917681 [debug] [Thread-1 (]: Began running node test.dbt_project.account_status
[0m18:05:57.918066 [debug] [Thread-4 (]: Marking all children of 'test.dbt_project.accepted_values_modified_asset_lob__DIGITAL.215bd1d0be' to be skipped because of status 'skipped'. 
[0m18:05:57.918575 [info ] [Thread-1 (]: 13 of 24 SKIP test account_status .............................................. [[33mSKIP[0m]
[0m18:05:57.919228 [debug] [Thread-1 (]: Finished running node test.dbt_project.account_status
[0m18:05:57.919633 [debug] [Thread-1 (]: Began running node test.dbt_project.not_null_modified_asset_close_date.5e5afff489
[0m18:05:57.919973 [debug] [Thread-4 (]: Marking all children of 'test.dbt_project.account_status' to be skipped because of status 'skipped'. 
[0m18:05:57.920428 [info ] [Thread-1 (]: 14 of 24 SKIP test not_null_modified_asset_close_date .......................... [[33mSKIP[0m]
[0m18:05:57.921032 [debug] [Thread-1 (]: Finished running node test.dbt_project.not_null_modified_asset_close_date.5e5afff489
[0m18:05:57.921611 [debug] [Thread-1 (]: Began running node test.dbt_project.not_null_modified_asset_lob_client_code.397e6ecd28
[0m18:05:57.922001 [debug] [Thread-4 (]: Marking all children of 'test.dbt_project.not_null_modified_asset_close_date.5e5afff489' to be skipped because of status 'skipped'. 
[0m18:05:57.922469 [info ] [Thread-1 (]: 15 of 24 SKIP test not_null_modified_asset_lob_client_code ..................... [[33mSKIP[0m]
[0m18:05:57.923098 [debug] [Thread-1 (]: Finished running node test.dbt_project.not_null_modified_asset_lob_client_code.397e6ecd28
[0m18:05:57.923810 [debug] [Thread-1 (]: Began running node test.dbt_project.relationships_modified_asset_lob_client_code__lob_client_code__public_asset.696fd5a64d
[0m18:05:57.924273 [debug] [Thread-4 (]: Marking all children of 'test.dbt_project.not_null_modified_asset_lob_client_code.397e6ecd28' to be skipped because of status 'skipped'. 
[0m18:05:57.924904 [info ] [Thread-1 (]: 16 of 24 SKIP test relationships_modified_asset_lob_client_code__lob_client_code__public_asset  [[33mSKIP[0m]
[0m18:05:57.925699 [debug] [Thread-1 (]: Finished running node test.dbt_project.relationships_modified_asset_lob_client_code__lob_client_code__public_asset.696fd5a64d
[0m18:05:57.926898 [debug] [Thread-1 (]: Began running node test.dbt_project.unique_modified_asset_lob_client_code.a6769a9ec7
[0m18:05:57.928007 [debug] [Thread-4 (]: Marking all children of 'test.dbt_project.relationships_modified_asset_lob_client_code__lob_client_code__public_asset.696fd5a64d' to be skipped because of status 'skipped'. 
[0m18:05:57.929048 [info ] [Thread-1 (]: 17 of 24 SKIP test unique_modified_asset_lob_client_code ....................... [[33mSKIP[0m]
[0m18:05:57.929719 [debug] [Thread-1 (]: Finished running node test.dbt_project.unique_modified_asset_lob_client_code.a6769a9ec7
[0m18:05:57.930159 [debug] [Thread-1 (]: Began running node model.dbt_project.move_customer
[0m18:05:57.930570 [debug] [Thread-4 (]: Marking all children of 'test.dbt_project.unique_modified_asset_lob_client_code.a6769a9ec7' to be skipped because of status 'skipped'. 
[0m18:05:57.931419 [info ] [Thread-1 (]: 18 of 24 START sql table model public.move_customer ............................ [RUN]
[0m18:05:57.932333 [debug] [Thread-1 (]: Re-using an available connection from the pool (formerly test.dbt_project.unique_customer_id.d22032a29c, now model.dbt_project.move_customer)
[0m18:05:57.932835 [debug] [Thread-1 (]: Began compiling node model.dbt_project.move_customer
[0m18:05:57.948516 [debug] [Thread-1 (]: Writing injected SQL for node "model.dbt_project.move_customer"
[0m18:05:57.949447 [debug] [Thread-1 (]: Began executing node model.dbt_project.move_customer
[0m18:05:57.952912 [debug] [Thread-1 (]: Writing runtime sql for node "model.dbt_project.move_customer"
[0m18:05:57.953586 [debug] [Thread-1 (]: Using postgres connection "model.dbt_project.move_customer"
[0m18:05:57.953983 [debug] [Thread-1 (]: On model.dbt_project.move_customer: BEGIN
[0m18:05:57.954327 [debug] [Thread-1 (]: Opening a new connection, currently in state closed
[0m18:05:57.957414 [debug] [Thread-1 (]: SQL status: BEGIN in 0.003 seconds
[0m18:05:57.957957 [debug] [Thread-1 (]: Using postgres connection "model.dbt_project.move_customer"
[0m18:05:57.958628 [debug] [Thread-1 (]: On model.dbt_project.move_customer: /* {"app": "dbt", "dbt_version": "1.9.3", "profile_name": "dbt_project", "target_name": "dev", "node_id": "model.dbt_project.move_customer"} */

  
    

  create  table "metastore_db"."public"."move_customer__dbt_tmp"
  
  
    as
  
  (
    

-- Example 1: Move KYC_Done_Date to start
WITH columns_reordered_start AS (
    SELECT 
        "KYC_Done_Date", "FirstName", "LastName", "Full_Name", "PersonEmail", "PersonGenderIdentity", "PersonBirthdate", "Street_Address_1", "Postal_Code"
    FROM "metastore_db"."public"."customer_data"
),

-- Example 2: Move PersonEmail to end
columns_reordered_end AS (
    SELECT 
        "FirstName", "LastName", "Full_Name", "KYC_Done_Date", "PersonGenderIdentity", "PersonBirthdate", "Street_Address_1", "Postal_Code", "PersonEmail"
    FROM "metastore_db"."public"."customer_data"
),

-- Example 3: Moveto Custom position 
columns_reordered_custom AS (
    SELECT 
        "FirstName", "LastName", "Full_Name", "PersonBirthdate", "PersonEmail", "KYC_Done_Date", "PersonGenderIdentity", "Street_Address_1", "Postal_Code"
    FROM "metastore_db"."public"."customer_data"
)

-- Choose which version you want to use
SELECT * FROM columns_reordered_start
  );
  
[0m18:05:57.965063 [debug] [Thread-1 (]: SQL status: SELECT 101 in 0.006 seconds
[0m18:05:57.968178 [debug] [Thread-1 (]: Using postgres connection "model.dbt_project.move_customer"
[0m18:05:57.968568 [debug] [Thread-1 (]: On model.dbt_project.move_customer: /* {"app": "dbt", "dbt_version": "1.9.3", "profile_name": "dbt_project", "target_name": "dev", "node_id": "model.dbt_project.move_customer"} */
alter table "metastore_db"."public"."move_customer__dbt_tmp" rename to "move_customer"
[0m18:05:57.969647 [debug] [Thread-1 (]: SQL status: ALTER TABLE in 0.000 seconds
[0m18:05:57.970864 [debug] [Thread-1 (]: On model.dbt_project.move_customer: COMMIT
[0m18:05:57.971304 [debug] [Thread-1 (]: Using postgres connection "model.dbt_project.move_customer"
[0m18:05:57.971625 [debug] [Thread-1 (]: On model.dbt_project.move_customer: COMMIT
[0m18:05:57.972669 [debug] [Thread-1 (]: SQL status: COMMIT in 0.001 seconds
[0m18:05:57.975297 [debug] [Thread-1 (]: Applying DROP to: "metastore_db"."public"."move_customer__dbt_backup"
[0m18:05:57.977147 [debug] [Thread-1 (]: Using postgres connection "model.dbt_project.move_customer"
[0m18:05:57.978068 [debug] [Thread-1 (]: On model.dbt_project.move_customer: /* {"app": "dbt", "dbt_version": "1.9.3", "profile_name": "dbt_project", "target_name": "dev", "node_id": "model.dbt_project.move_customer"} */
drop table if exists "metastore_db"."public"."move_customer__dbt_backup" cascade
[0m18:05:57.979221 [debug] [Thread-1 (]: SQL status: DROP TABLE in 0.001 seconds
[0m18:05:57.980485 [debug] [Thread-1 (]: On model.dbt_project.move_customer: Close
[0m18:05:57.981187 [debug] [Thread-1 (]: Sending event: {'category': 'dbt', 'action': 'run_model', 'label': 'abe610fd-2940-4c6d-b490-fa3a9477879a', 'context': [<snowplow_tracker.self_describing_json.SelfDescribingJson object at 0x7f3e1f7e57e0>]}
[0m18:05:57.981996 [info ] [Thread-1 (]: 18 of 24 OK created sql table model public.move_customer ....................... [[32mSELECT 101[0m in 0.05s]
[0m18:05:57.982569 [debug] [Thread-1 (]: Finished running node model.dbt_project.move_customer
[0m18:05:57.983131 [debug] [Thread-1 (]: Began running node model.dbt_project.test
[0m18:05:57.983634 [info ] [Thread-1 (]: 19 of 24 START sql test model public.test ...................................... [RUN]
[0m18:05:57.984064 [debug] [Thread-1 (]: Re-using an available connection from the pool (formerly model.dbt_project.move_customer, now model.dbt_project.test)
[0m18:05:57.984476 [debug] [Thread-1 (]: Began compiling node model.dbt_project.test
[0m18:05:57.988401 [debug] [Thread-1 (]: Writing injected SQL for node "model.dbt_project.test"
[0m18:05:57.988997 [debug] [Thread-1 (]: Began executing node model.dbt_project.test
[0m18:05:57.991699 [debug] [Thread-1 (]: Writing runtime sql for node "model.dbt_project.test"
[0m18:05:57.993702 [debug] [Thread-1 (]: Using postgres connection "model.dbt_project.test"
[0m18:05:57.994712 [debug] [Thread-1 (]: On model.dbt_project.test: BEGIN
[0m18:05:57.995395 [debug] [Thread-1 (]: Opening a new connection, currently in state closed
[0m18:05:57.998537 [debug] [Thread-1 (]: SQL status: BEGIN in 0.003 seconds
[0m18:05:57.999007 [debug] [Thread-1 (]: Using postgres connection "model.dbt_project.test"
[0m18:05:57.999518 [debug] [Thread-1 (]: On model.dbt_project.test: /* {"app": "dbt", "dbt_version": "1.9.3", "profile_name": "dbt_project", "target_name": "dev", "node_id": "model.dbt_project.test"} */
select
      None as failures,
      None None as should_warn,
      None None as should_error
    from (
      


select FirstName
from "metastore_db"."public"."customer_data"
      
    ) dbt_internal_test
[0m18:05:58.000227 [debug] [Thread-1 (]: Postgres adapter: Postgres error: syntax error at or near "None"
LINE 4:       None None as should_warn,
                   ^

[0m18:05:58.000699 [debug] [Thread-1 (]: On model.dbt_project.test: ROLLBACK
[0m18:05:58.001304 [debug] [Thread-1 (]: On model.dbt_project.test: Close
[0m18:05:58.002396 [debug] [Thread-1 (]: Database Error in model test (models/example/test.sql)
  syntax error at or near "None"
  LINE 4:       None None as should_warn,
                     ^
  compiled code at target/run/dbt_project/models/example/test.sql
[0m18:05:58.002944 [debug] [Thread-1 (]: Sending event: {'category': 'dbt', 'action': 'run_model', 'label': 'abe610fd-2940-4c6d-b490-fa3a9477879a', 'context': [<snowplow_tracker.self_describing_json.SelfDescribingJson object at 0x7f3e2d2e47c0>]}
[0m18:05:58.003571 [error] [Thread-1 (]: 19 of 24 ERROR creating sql test model public.test ............................. [[31mERROR[0m in 0.02s]
[0m18:05:58.004068 [debug] [Thread-1 (]: Finished running node model.dbt_project.test
[0m18:05:58.004472 [debug] [Thread-1 (]: Began running node model.dbt_project.history_table
[0m18:05:58.004833 [info ] [Thread-1 (]: 20 of 24 SKIP relation public.history_table .................................... [[33mSKIP[0m]
[0m18:05:58.005414 [debug] [Thread-4 (]: Marking all children of 'model.dbt_project.test' to be skipped because of status 'error'.  Reason: Database Error in model test (models/example/test.sql)
  syntax error at or near "None"
  LINE 4:       None None as should_warn,
                     ^
  compiled code at target/run/dbt_project/models/example/test.sql.
[0m18:05:58.005883 [debug] [Thread-1 (]: Finished running node model.dbt_project.history_table
[0m18:05:58.006572 [debug] [Thread-1 (]: Began running node model.dbt_project.main_table
[0m18:05:58.007014 [debug] [Thread-4 (]: Marking all children of 'model.dbt_project.history_table' to be skipped because of status 'skipped'. 
[0m18:05:58.007462 [info ] [Thread-1 (]: 21 of 24 SKIP relation public.main_table ....................................... [[33mSKIP[0m]
[0m18:05:58.008260 [debug] [Thread-1 (]: Finished running node model.dbt_project.main_table
[0m18:05:58.008994 [debug] [Thread-1 (]: Began running node model.dbt_project.main_table1
[0m18:05:58.009921 [debug] [Thread-4 (]: Marking all children of 'model.dbt_project.main_table' to be skipped because of status 'skipped'. 
[0m18:05:58.011626 [info ] [Thread-1 (]: 22 of 24 SKIP relation public.main_table1 ...................................... [[33mSKIP[0m]
[0m18:05:58.013602 [debug] [Thread-1 (]: Finished running node model.dbt_project.main_table1
[0m18:05:58.014328 [debug] [Thread-1 (]: Began running node model.dbt_project.scdType6
[0m18:05:58.014850 [debug] [Thread-4 (]: Marking all children of 'model.dbt_project.main_table1' to be skipped because of status 'skipped'. 
[0m18:05:58.015369 [info ] [Thread-1 (]: 23 of 24 SKIP relation public.scdType6 ......................................... [[33mSKIP[0m]
[0m18:05:58.016046 [debug] [Thread-1 (]: Finished running node model.dbt_project.scdType6
[0m18:05:58.016472 [debug] [Thread-1 (]: Began running node model.dbt_project.customers_scd3
[0m18:05:58.016826 [info ] [Thread-1 (]: 24 of 24 SKIP relation public.customers_scd3 ................................... [[33mSKIP[0m]
[0m18:05:58.017242 [debug] [Thread-1 (]: Finished running node model.dbt_project.customers_scd3
[0m18:05:58.017640 [debug] [Thread-4 (]: Marking all children of 'model.dbt_project.scdType6' to be skipped because of status 'skipped'. 
[0m18:05:58.018186 [debug] [Thread-4 (]: Marking all children of 'model.dbt_project.customers_scd3' to be skipped because of status 'skipped'. 
[0m18:05:58.019275 [debug] [MainThread]: Using postgres connection "master"
[0m18:05:58.019611 [debug] [MainThread]: On master: BEGIN
[0m18:05:58.019887 [debug] [MainThread]: Opening a new connection, currently in state closed
[0m18:05:58.022868 [debug] [MainThread]: SQL status: BEGIN in 0.003 seconds
[0m18:05:58.023313 [debug] [MainThread]: On master: COMMIT
[0m18:05:58.023718 [debug] [MainThread]: Using postgres connection "master"
[0m18:05:58.024197 [debug] [MainThread]: On master: COMMIT
[0m18:05:58.024749 [debug] [MainThread]: SQL status: COMMIT in 0.000 seconds
[0m18:05:58.025192 [debug] [MainThread]: On master: Close
[0m18:05:58.026729 [debug] [MainThread]: Connection 'master' was properly closed.
[0m18:05:58.027603 [debug] [MainThread]: Connection 'model.dbt_project.test' was properly closed.
[0m18:05:58.028750 [info ] [MainThread]: 
[0m18:05:58.029236 [info ] [MainThread]: Finished running 1 seed, 4 snapshots, 9 table models, 8 data tests, 1 test model, 1 view model in 0 hours 0 minutes and 0.99 seconds (0.99s).
[0m18:05:58.031592 [debug] [MainThread]: Command end result
[0m18:05:58.061827 [debug] [MainThread]: Wrote artifact WritableManifest to /home/prasannak/Documents/dbt_project/dbt_project/target/manifest.json
[0m18:05:58.063880 [debug] [MainThread]: Wrote artifact SemanticManifest to /home/prasannak/Documents/dbt_project/dbt_project/target/semantic_manifest.json
[0m18:05:58.069722 [debug] [MainThread]: Wrote artifact RunExecutionResult to /home/prasannak/Documents/dbt_project/dbt_project/target/run_results.json
[0m18:05:58.070108 [info ] [MainThread]: 
[0m18:05:58.070485 [info ] [MainThread]: [31mCompleted with 8 errors, 0 partial successes, and 0 warnings:[0m
[0m18:05:58.070805 [info ] [MainThread]: 
[0m18:05:58.071182 [error] [MainThread]:   Database Error in model employee (models/example/employee.sql)
  subquery in FROM must have an alias
  LINE 27: from (
                ^
  HINT:  For example, FROM (SELECT ...) [AS] foo.
  compiled code at target/run/dbt_project/models/example/employee.sql
[0m18:05:58.071481 [info ] [MainThread]: 
[0m18:05:58.071807 [error] [MainThread]:   Database Error in model modified_asset (models/example/modified_asset.sql)
  relation "public.asset" does not exist
  LINE 28: from public.asset
                ^
  compiled code at target/run/dbt_project/models/example/modified_asset.sql
[0m18:05:58.072078 [info ] [MainThread]: 
[0m18:05:58.072405 [error] [MainThread]:   Database Error in model web_fun (models/example/web_fun.sql)
  relation "public.employee" does not exist
  LINE 33:     FROM public.employee
                    ^
  compiled code at target/run/dbt_project/models/example/web_fun.sql
[0m18:05:58.072685 [info ] [MainThread]: 
[0m18:05:58.072998 [error] [MainThread]:   Database Error in snapshot customer_update (snapshots/customer_update.sql)
  column "customer_id" does not exist
  LINE 7:         md5(coalesce(cast(customer_id as varchar ), '')
                                    ^
  HINT:  Perhaps you meant to reference the column "sbq.customer_code".
[0m18:05:58.073287 [info ] [MainThread]: 
[0m18:05:58.073622 [error] [MainThread]:   Compilation Error in snapshot customers_custom_strategy (snapshots/custom_strategy.sql)
  The specified strategy macro 'my_custom_snapshot_strategy' was not found in package 'None'
  
  > in macro strategy_dispatch (macros/materializations/snapshots/strategies.sql)
  > called by macro materialization_snapshot_default (macros/materializations/snapshots/snapshot.sql)
  > called by snapshot customers_custom_strategy (snapshots/custom_strategy.sql)
[0m18:05:58.073899 [info ] [MainThread]: 
[0m18:05:58.074341 [error] [MainThread]:   Database Error in snapshot customers_history_snapshot (snapshots/customer_history_snapshot.sql)
  column "customer_id" does not exist
  LINE 7:         md5(coalesce(cast(customer_id as varchar ), '')
                                    ^
  HINT:  Perhaps you meant to reference the column "sbq.customer_code".
[0m18:05:58.074821 [info ] [MainThread]: 
[0m18:05:58.075376 [error] [MainThread]:   Database Error in snapshot customers_snapshot (snapshots/customers_snapshot.sql)
  column "customer_id" does not exist
  LINE 7:         md5(coalesce(cast(customer_id as varchar ), '')
                                    ^
  HINT:  Perhaps you meant to reference the column "sbq.customer_code".
[0m18:05:58.076054 [info ] [MainThread]: 
[0m18:05:58.076874 [error] [MainThread]:   Database Error in model test (models/example/test.sql)
  syntax error at or near "None"
  LINE 4:       None None as should_warn,
                     ^
  compiled code at target/run/dbt_project/models/example/test.sql
[0m18:05:58.077454 [info ] [MainThread]: 
[0m18:05:58.077939 [info ] [MainThread]: Done. PASS=5 WARN=0 ERROR=8 SKIP=11 TOTAL=24
[0m18:05:58.079443 [debug] [MainThread]: Resource report: {"command_name": "build", "command_success": false, "command_wall_clock_time": 2.0064838, "process_in_blocks": "168", "process_kernel_time": 0.156836, "process_mem_max_rss": "128420", "process_out_blocks": "2968", "process_user_time": 3.076796}
[0m18:05:58.079994 [debug] [MainThread]: Command `cli build` failed at 18:05:58.079899 after 2.01 seconds
[0m18:05:58.080408 [debug] [MainThread]: Sending event: {'category': 'dbt', 'action': 'invocation', 'label': 'end', 'context': [<snowplow_tracker.self_describing_json.SelfDescribingJson object at 0x7f3e31255120>, <snowplow_tracker.self_describing_json.SelfDescribingJson object at 0x7f3e2eda84f0>, <snowplow_tracker.self_describing_json.SelfDescribingJson object at 0x7f3e3131c490>]}
[0m18:05:58.080791 [debug] [MainThread]: Flushing usage events
[0m18:05:59.838130 [debug] [MainThread]: An error was encountered while trying to flush usage events
[0m18:06:54.479675 [debug] [MainThread]: Sending event: {'category': 'dbt', 'action': 'invocation', 'label': 'start', 'context': [<snowplow_tracker.self_describing_json.SelfDescribingJson object at 0x7698742011b0>, <snowplow_tracker.self_describing_json.SelfDescribingJson object at 0x7698742c4040>, <snowplow_tracker.self_describing_json.SelfDescribingJson object at 0x76987351ff10>]}


============================== 18:06:54.482203 | bdd563cd-978f-4e3b-8f13-0f1fee42f824 ==============================
[0m18:06:54.482203 [info ] [MainThread]: Running with dbt=1.9.3
[0m18:06:54.482774 [debug] [MainThread]: running dbt with arguments {'printer_width': '80', 'indirect_selection': 'eager', 'write_json': 'True', 'log_cache_events': 'False', 'partial_parse': 'True', 'cache_selected_only': 'False', 'profiles_dir': '/home/prasannak/.dbt', 'debug': 'False', 'warn_error': 'None', 'log_path': '/home/prasannak/Documents/dbt_project/dbt_project/logs', 'fail_fast': 'False', 'version_check': 'True', 'use_colors': 'True', 'use_experimental_parser': 'False', 'empty': 'False', 'quiet': 'False', 'no_print': 'None', 'warn_error_options': 'WarnErrorOptions(include=[], exclude=[])', 'static_parser': 'True', 'introspect': 'True', 'invocation_command': 'dbt ', 'target_path': 'None', 'log_format': 'default', 'send_anonymous_usage_stats': 'True'}
[0m18:06:54.675714 [debug] [MainThread]: Sending event: {'category': 'dbt', 'action': 'project_id', 'label': 'bdd563cd-978f-4e3b-8f13-0f1fee42f824', 'context': [<snowplow_tracker.self_describing_json.SelfDescribingJson object at 0x769872dd8af0>]}
[0m18:06:54.752469 [debug] [MainThread]: Sending event: {'category': 'dbt', 'action': 'adapter_info', 'label': 'bdd563cd-978f-4e3b-8f13-0f1fee42f824', 'context': [<snowplow_tracker.self_describing_json.SelfDescribingJson object at 0x76987351fa30>]}
[0m18:06:54.753258 [info ] [MainThread]: Registered adapter: postgres=1.9.0
[0m18:06:54.824658 [debug] [MainThread]: checksum: 5671c00892cdbcef29c3b00cc5ba7510c3d18a35c883caeb9ab9ee266dc29c8f, vars: {}, profile: , target: , version: 1.9.3
[0m18:06:55.041184 [debug] [MainThread]: Partial parsing enabled: 0 files deleted, 0 files added, 0 files changed.
[0m18:06:55.041684 [debug] [MainThread]: Partial parsing enabled, no changes found, skipping parsing
[0m18:06:55.115458 [debug] [MainThread]: Sending event: {'category': 'dbt', 'action': 'load_project', 'label': 'bdd563cd-978f-4e3b-8f13-0f1fee42f824', 'context': [<snowplow_tracker.self_describing_json.SelfDescribingJson object at 0x7698735f39d0>]}
[0m18:06:55.235420 [debug] [MainThread]: Wrote artifact WritableManifest to /home/prasannak/Documents/dbt_project/dbt_project/target/manifest.json
[0m18:06:55.239835 [debug] [MainThread]: Wrote artifact SemanticManifest to /home/prasannak/Documents/dbt_project/dbt_project/target/semantic_manifest.json
[0m18:06:55.250814 [debug] [MainThread]: Sending event: {'category': 'dbt', 'action': 'resource_counts', 'label': 'bdd563cd-978f-4e3b-8f13-0f1fee42f824', 'context': [<snowplow_tracker.self_describing_json.SelfDescribingJson object at 0x769872dd99c0>]}
[0m18:06:55.251393 [info ] [MainThread]: Found 11 models, 4 snapshots, 8 data tests, 1 seed, 585 macros
[0m18:06:55.251757 [debug] [MainThread]: Sending event: {'category': 'dbt', 'action': 'runnable_timing', 'label': 'bdd563cd-978f-4e3b-8f13-0f1fee42f824', 'context': [<snowplow_tracker.self_describing_json.SelfDescribingJson object at 0x769871961660>]}
[0m18:06:55.253152 [info ] [MainThread]: 
[0m18:06:55.253525 [info ] [MainThread]: Concurrency: 1 threads (target='dev')
[0m18:06:55.253825 [info ] [MainThread]: 
[0m18:06:55.254366 [debug] [MainThread]: Acquiring new postgres connection 'master'
[0m18:06:55.255349 [debug] [ThreadPool]: Acquiring new postgres connection 'list_metastore_db'
[0m18:06:55.284413 [debug] [ThreadPool]: Using postgres connection "list_metastore_db"
[0m18:06:55.284923 [debug] [ThreadPool]: On list_metastore_db: /* {"app": "dbt", "dbt_version": "1.9.3", "profile_name": "dbt_project", "target_name": "dev", "connection_name": "list_metastore_db"} */

    select distinct nspname from pg_namespace
  
[0m18:06:55.285258 [debug] [ThreadPool]: Opening a new connection, currently in state init
[0m18:06:55.290866 [debug] [ThreadPool]: SQL status: SELECT 7 in 0.005 seconds
[0m18:06:55.292700 [debug] [ThreadPool]: On list_metastore_db: Close
[0m18:06:55.302379 [debug] [ThreadPool]: Re-using an available connection from the pool (formerly list_metastore_db, now list_metastore_db_public)
[0m18:06:55.308815 [debug] [ThreadPool]: Using postgres connection "list_metastore_db_public"
[0m18:06:55.309813 [debug] [ThreadPool]: On list_metastore_db_public: BEGIN
[0m18:06:55.310483 [debug] [ThreadPool]: Opening a new connection, currently in state closed
[0m18:06:55.314053 [debug] [ThreadPool]: SQL status: BEGIN in 0.004 seconds
[0m18:06:55.314453 [debug] [ThreadPool]: Using postgres connection "list_metastore_db_public"
[0m18:06:55.314750 [debug] [ThreadPool]: On list_metastore_db_public: /* {"app": "dbt", "dbt_version": "1.9.3", "profile_name": "dbt_project", "target_name": "dev", "connection_name": "list_metastore_db_public"} */
select
      'metastore_db' as database,
      tablename as name,
      schemaname as schema,
      'table' as type
    from pg_tables
    where schemaname ilike 'public'
    union all
    select
      'metastore_db' as database,
      viewname as name,
      schemaname as schema,
      'view' as type
    from pg_views
    where schemaname ilike 'public'
    union all
    select
      'metastore_db' as database,
      matviewname as name,
      schemaname as schema,
      'materialized_view' as type
    from pg_matviews
    where schemaname ilike 'public'
  
[0m18:06:55.317506 [debug] [ThreadPool]: SQL status: SELECT 9 in 0.002 seconds
[0m18:06:55.318801 [debug] [ThreadPool]: On list_metastore_db_public: ROLLBACK
[0m18:06:55.319277 [debug] [ThreadPool]: On list_metastore_db_public: Close
[0m18:06:55.319807 [debug] [ThreadPool]: Re-using an available connection from the pool (formerly list_metastore_db_public, now list_metastore_db_snapshots)
[0m18:06:55.323244 [debug] [ThreadPool]: Using postgres connection "list_metastore_db_snapshots"
[0m18:06:55.323763 [debug] [ThreadPool]: On list_metastore_db_snapshots: BEGIN
[0m18:06:55.324125 [debug] [ThreadPool]: Opening a new connection, currently in state closed
[0m18:06:55.328983 [debug] [ThreadPool]: SQL status: BEGIN in 0.005 seconds
[0m18:06:55.329493 [debug] [ThreadPool]: Using postgres connection "list_metastore_db_snapshots"
[0m18:06:55.329834 [debug] [ThreadPool]: On list_metastore_db_snapshots: /* {"app": "dbt", "dbt_version": "1.9.3", "profile_name": "dbt_project", "target_name": "dev", "connection_name": "list_metastore_db_snapshots"} */
select
      'metastore_db' as database,
      tablename as name,
      schemaname as schema,
      'table' as type
    from pg_tables
    where schemaname ilike 'snapshots'
    union all
    select
      'metastore_db' as database,
      viewname as name,
      schemaname as schema,
      'view' as type
    from pg_views
    where schemaname ilike 'snapshots'
    union all
    select
      'metastore_db' as database,
      matviewname as name,
      schemaname as schema,
      'materialized_view' as type
    from pg_matviews
    where schemaname ilike 'snapshots'
  
[0m18:06:55.332651 [debug] [ThreadPool]: SQL status: SELECT 0 in 0.002 seconds
[0m18:06:55.333687 [debug] [ThreadPool]: On list_metastore_db_snapshots: ROLLBACK
[0m18:06:55.334139 [debug] [ThreadPool]: On list_metastore_db_snapshots: Close
[0m18:06:55.338958 [debug] [MainThread]: Using postgres connection "master"
[0m18:06:55.339656 [debug] [MainThread]: On master: BEGIN
[0m18:06:55.340209 [debug] [MainThread]: Opening a new connection, currently in state init
[0m18:06:55.344594 [debug] [MainThread]: SQL status: BEGIN in 0.004 seconds
[0m18:06:55.345871 [debug] [MainThread]: Using postgres connection "master"
[0m18:06:55.346339 [debug] [MainThread]: On master: /* {"app": "dbt", "dbt_version": "1.9.3", "profile_name": "dbt_project", "target_name": "dev", "connection_name": "master"} */
with relation as (
        select
            pg_rewrite.ev_class as class,
            pg_rewrite.oid as id
        from pg_rewrite
    ),
    class as (
        select
            oid as id,
            relname as name,
            relnamespace as schema,
            relkind as kind
        from pg_class
    ),
    dependency as (
        select distinct
            pg_depend.objid as id,
            pg_depend.refobjid as ref
        from pg_depend
    ),
    schema as (
        select
            pg_namespace.oid as id,
            pg_namespace.nspname as name
        from pg_namespace
        where nspname != 'information_schema' and nspname not like 'pg\_%'
    ),
    referenced as (
        select
            relation.id AS id,
            referenced_class.name ,
            referenced_class.schema ,
            referenced_class.kind
        from relation
        join class as referenced_class on relation.class=referenced_class.id
        where referenced_class.kind in ('r', 'v', 'm')
    ),
    relationships as (
        select
            referenced.name as referenced_name,
            referenced.schema as referenced_schema_id,
            dependent_class.name as dependent_name,
            dependent_class.schema as dependent_schema_id,
            referenced.kind as kind
        from referenced
        join dependency on referenced.id=dependency.id
        join class as dependent_class on dependency.ref=dependent_class.id
        where
            (referenced.name != dependent_class.name or
             referenced.schema != dependent_class.schema)
    )

    select
        referenced_schema.name as referenced_schema,
        relationships.referenced_name as referenced_name,
        dependent_schema.name as dependent_schema,
        relationships.dependent_name as dependent_name
    from relationships
    join schema as dependent_schema on relationships.dependent_schema_id=dependent_schema.id
    join schema as referenced_schema on relationships.referenced_schema_id=referenced_schema.id
    group by referenced_schema, referenced_name, dependent_schema, dependent_name
    order by referenced_schema, referenced_name, dependent_schema, dependent_name;
[0m18:06:55.351829 [debug] [MainThread]: SQL status: SELECT 0 in 0.005 seconds
[0m18:06:55.352840 [debug] [MainThread]: Sending event: {'category': 'dbt', 'action': 'runnable_timing', 'label': 'bdd563cd-978f-4e3b-8f13-0f1fee42f824', 'context': [<snowplow_tracker.self_describing_json.SelfDescribingJson object at 0x769871de6dd0>]}
[0m18:06:55.353313 [debug] [MainThread]: On master: ROLLBACK
[0m18:06:55.353769 [debug] [MainThread]: Using postgres connection "master"
[0m18:06:55.354061 [debug] [MainThread]: On master: BEGIN
[0m18:06:55.354640 [debug] [MainThread]: SQL status: BEGIN in 0.000 seconds
[0m18:06:55.354935 [debug] [MainThread]: On master: COMMIT
[0m18:06:55.355223 [debug] [MainThread]: Using postgres connection "master"
[0m18:06:55.355489 [debug] [MainThread]: On master: COMMIT
[0m18:06:55.355838 [debug] [MainThread]: SQL status: COMMIT in 0.000 seconds
[0m18:06:55.356168 [debug] [MainThread]: On master: Close
[0m18:06:55.358035 [debug] [Thread-1 (]: Began running node model.dbt_project.customer
[0m18:06:55.358668 [info ] [Thread-1 (]: 1 of 1 START sql table model public.customer ................................... [RUN]
[0m18:06:55.359178 [debug] [Thread-1 (]: Re-using an available connection from the pool (formerly list_metastore_db_snapshots, now model.dbt_project.customer)
[0m18:06:55.359567 [debug] [Thread-1 (]: Began compiling node model.dbt_project.customer
[0m18:06:55.366850 [debug] [Thread-1 (]: Writing injected SQL for node "model.dbt_project.customer"
[0m18:06:55.367508 [debug] [Thread-1 (]: Began executing node model.dbt_project.customer
[0m18:06:55.403669 [debug] [Thread-1 (]: Writing runtime sql for node "model.dbt_project.customer"
[0m18:06:55.404442 [debug] [Thread-1 (]: Using postgres connection "model.dbt_project.customer"
[0m18:06:55.404832 [debug] [Thread-1 (]: On model.dbt_project.customer: BEGIN
[0m18:06:55.405151 [debug] [Thread-1 (]: Opening a new connection, currently in state closed
[0m18:06:55.408317 [debug] [Thread-1 (]: SQL status: BEGIN in 0.003 seconds
[0m18:06:55.409428 [debug] [Thread-1 (]: Using postgres connection "model.dbt_project.customer"
[0m18:06:55.410663 [debug] [Thread-1 (]: On model.dbt_project.customer: /* {"app": "dbt", "dbt_version": "1.9.3", "profile_name": "dbt_project", "target_name": "dev", "node_id": "model.dbt_project.customer"} */

  
    

  create  table "metastore_db"."public"."customer__dbt_tmp"
  
  
    as
  
  (
    

SELECT * FROM customers
  );
  
[0m18:06:55.415175 [debug] [Thread-1 (]: SQL status: SELECT 0 in 0.004 seconds
[0m18:06:55.421145 [debug] [Thread-1 (]: Using postgres connection "model.dbt_project.customer"
[0m18:06:55.421789 [debug] [Thread-1 (]: On model.dbt_project.customer: /* {"app": "dbt", "dbt_version": "1.9.3", "profile_name": "dbt_project", "target_name": "dev", "node_id": "model.dbt_project.customer"} */
alter table "metastore_db"."public"."customer" rename to "customer__dbt_backup"
[0m18:06:55.422864 [debug] [Thread-1 (]: SQL status: ALTER TABLE in 0.000 seconds
[0m18:06:55.426493 [debug] [Thread-1 (]: Using postgres connection "model.dbt_project.customer"
[0m18:06:55.427223 [debug] [Thread-1 (]: On model.dbt_project.customer: /* {"app": "dbt", "dbt_version": "1.9.3", "profile_name": "dbt_project", "target_name": "dev", "node_id": "model.dbt_project.customer"} */
alter table "metastore_db"."public"."customer__dbt_tmp" rename to "customer"
[0m18:06:55.428696 [debug] [Thread-1 (]: SQL status: ALTER TABLE in 0.001 seconds
[0m18:06:55.446610 [debug] [Thread-1 (]: On model.dbt_project.customer: COMMIT
[0m18:06:55.447150 [debug] [Thread-1 (]: Using postgres connection "model.dbt_project.customer"
[0m18:06:55.447510 [debug] [Thread-1 (]: On model.dbt_project.customer: COMMIT
[0m18:06:55.448581 [debug] [Thread-1 (]: SQL status: COMMIT in 0.001 seconds
[0m18:06:55.453825 [debug] [Thread-1 (]: Applying DROP to: "metastore_db"."public"."customer__dbt_backup"
[0m18:06:55.457225 [debug] [Thread-1 (]: Using postgres connection "model.dbt_project.customer"
[0m18:06:55.457656 [debug] [Thread-1 (]: On model.dbt_project.customer: /* {"app": "dbt", "dbt_version": "1.9.3", "profile_name": "dbt_project", "target_name": "dev", "node_id": "model.dbt_project.customer"} */
drop table if exists "metastore_db"."public"."customer__dbt_backup" cascade
[0m18:06:55.460829 [debug] [Thread-1 (]: SQL status: DROP TABLE in 0.003 seconds
[0m18:06:55.463812 [debug] [Thread-1 (]: On model.dbt_project.customer: Close
[0m18:06:55.465748 [debug] [Thread-1 (]: Sending event: {'category': 'dbt', 'action': 'run_model', 'label': 'bdd563cd-978f-4e3b-8f13-0f1fee42f824', 'context': [<snowplow_tracker.self_describing_json.SelfDescribingJson object at 0x76987033ada0>]}
[0m18:06:55.466409 [info ] [Thread-1 (]: 1 of 1 OK created sql table model public.customer .............................. [[32mSELECT 0[0m in 0.11s]
[0m18:06:55.466977 [debug] [Thread-1 (]: Finished running node model.dbt_project.customer
[0m18:06:55.468112 [debug] [MainThread]: Using postgres connection "master"
[0m18:06:55.468464 [debug] [MainThread]: On master: BEGIN
[0m18:06:55.468754 [debug] [MainThread]: Opening a new connection, currently in state closed
[0m18:06:55.471675 [debug] [MainThread]: SQL status: BEGIN in 0.003 seconds
[0m18:06:55.472074 [debug] [MainThread]: On master: COMMIT
[0m18:06:55.472450 [debug] [MainThread]: Using postgres connection "master"
[0m18:06:55.472803 [debug] [MainThread]: On master: COMMIT
[0m18:06:55.473293 [debug] [MainThread]: SQL status: COMMIT in 0.000 seconds
[0m18:06:55.473604 [debug] [MainThread]: On master: Close
[0m18:06:55.474082 [debug] [MainThread]: Connection 'master' was properly closed.
[0m18:06:55.474494 [debug] [MainThread]: Connection 'model.dbt_project.customer' was properly closed.
[0m18:06:55.474931 [info ] [MainThread]: 
[0m18:06:55.475347 [info ] [MainThread]: Finished running 1 table model in 0 hours 0 minutes and 0.22 seconds (0.22s).
[0m18:06:55.476247 [debug] [MainThread]: Command end result
[0m18:06:55.503711 [debug] [MainThread]: Wrote artifact WritableManifest to /home/prasannak/Documents/dbt_project/dbt_project/target/manifest.json
[0m18:06:55.505273 [debug] [MainThread]: Wrote artifact SemanticManifest to /home/prasannak/Documents/dbt_project/dbt_project/target/semantic_manifest.json
[0m18:06:55.511562 [debug] [MainThread]: Wrote artifact RunExecutionResult to /home/prasannak/Documents/dbt_project/dbt_project/target/run_results.json
[0m18:06:55.511995 [info ] [MainThread]: 
[0m18:06:55.512396 [info ] [MainThread]: [32mCompleted successfully[0m
[0m18:06:55.512687 [info ] [MainThread]: 
[0m18:06:55.513007 [info ] [MainThread]: Done. PASS=1 WARN=0 ERROR=0 SKIP=0 TOTAL=1
[0m18:06:55.513874 [debug] [MainThread]: Resource report: {"command_name": "run", "command_success": true, "command_wall_clock_time": 1.100194, "process_in_blocks": "0", "process_kernel_time": 0.13478, "process_mem_max_rss": "123972", "process_out_blocks": "2696", "process_user_time": 2.293268}
[0m18:06:55.514450 [debug] [MainThread]: Command `cli run` succeeded at 18:06:55.514357 after 1.10 seconds
[0m18:06:55.514825 [debug] [MainThread]: Sending event: {'category': 'dbt', 'action': 'invocation', 'label': 'end', 'context': [<snowplow_tracker.self_describing_json.SelfDescribingJson object at 0x7698742011b0>, <snowplow_tracker.self_describing_json.SelfDescribingJson object at 0x769871dabee0>, <snowplow_tracker.self_describing_json.SelfDescribingJson object at 0x769871da99c0>]}
[0m18:06:55.515205 [debug] [MainThread]: Flushing usage events
[0m18:06:56.880353 [debug] [MainThread]: An error was encountered while trying to flush usage events
[0m18:07:24.370917 [debug] [MainThread]: Sending event: {'category': 'dbt', 'action': 'invocation', 'label': 'start', 'context': [<snowplow_tracker.self_describing_json.SelfDescribingJson object at 0x7f79788fd2a0>, <snowplow_tracker.self_describing_json.SelfDescribingJson object at 0x7f7977aef1f0>, <snowplow_tracker.self_describing_json.SelfDescribingJson object at 0x7f7977aef190>]}


============================== 18:07:24.373365 | 1774c6a9-0b4b-4ff9-83f2-bd21b2346d31 ==============================
[0m18:07:24.373365 [info ] [MainThread]: Running with dbt=1.9.3
[0m18:07:24.373896 [debug] [MainThread]: running dbt with arguments {'printer_width': '80', 'indirect_selection': 'eager', 'write_json': 'True', 'log_cache_events': 'False', 'partial_parse': 'True', 'cache_selected_only': 'False', 'profiles_dir': '/home/prasannak/.dbt', 'debug': 'False', 'version_check': 'True', 'log_path': '/home/prasannak/Documents/dbt_project/dbt_project/logs', 'warn_error': 'None', 'fail_fast': 'False', 'use_colors': 'True', 'use_experimental_parser': 'False', 'empty': 'False', 'quiet': 'False', 'no_print': 'None', 'warn_error_options': 'WarnErrorOptions(include=[], exclude=[])', 'static_parser': 'True', 'log_format': 'default', 'invocation_command': 'dbt ', 'target_path': 'None', 'introspect': 'True', 'send_anonymous_usage_stats': 'True'}
[0m18:07:24.567132 [debug] [MainThread]: Sending event: {'category': 'dbt', 'action': 'project_id', 'label': '1774c6a9-0b4b-4ff9-83f2-bd21b2346d31', 'context': [<snowplow_tracker.self_describing_json.SelfDescribingJson object at 0x7f7977a9ef50>]}
[0m18:07:24.656685 [debug] [MainThread]: Sending event: {'category': 'dbt', 'action': 'adapter_info', 'label': '1774c6a9-0b4b-4ff9-83f2-bd21b2346d31', 'context': [<snowplow_tracker.self_describing_json.SelfDescribingJson object at 0x7f7977c1bb20>]}
[0m18:07:24.657689 [info ] [MainThread]: Registered adapter: postgres=1.9.0
[0m18:07:24.741494 [debug] [MainThread]: checksum: 5671c00892cdbcef29c3b00cc5ba7510c3d18a35c883caeb9ab9ee266dc29c8f, vars: {}, profile: , target: , version: 1.9.3
[0m18:07:24.954549 [debug] [MainThread]: Partial parsing enabled: 0 files deleted, 0 files added, 0 files changed.
[0m18:07:24.955012 [debug] [MainThread]: Partial parsing enabled, no changes found, skipping parsing
[0m18:07:25.029182 [debug] [MainThread]: Sending event: {'category': 'dbt', 'action': 'load_project', 'label': '1774c6a9-0b4b-4ff9-83f2-bd21b2346d31', 'context': [<snowplow_tracker.self_describing_json.SelfDescribingJson object at 0x7f7977ab9f00>]}
[0m18:07:25.160785 [debug] [MainThread]: Wrote artifact WritableManifest to /home/prasannak/Documents/dbt_project/dbt_project/target/manifest.json
[0m18:07:25.167178 [debug] [MainThread]: Wrote artifact SemanticManifest to /home/prasannak/Documents/dbt_project/dbt_project/target/semantic_manifest.json
[0m18:07:25.177630 [debug] [MainThread]: Sending event: {'category': 'dbt', 'action': 'resource_counts', 'label': '1774c6a9-0b4b-4ff9-83f2-bd21b2346d31', 'context': [<snowplow_tracker.self_describing_json.SelfDescribingJson object at 0x7f79761957e0>]}
[0m18:07:25.178298 [info ] [MainThread]: Found 11 models, 4 snapshots, 8 data tests, 1 seed, 585 macros
[0m18:07:25.178939 [debug] [MainThread]: Sending event: {'category': 'dbt', 'action': 'runnable_timing', 'label': '1774c6a9-0b4b-4ff9-83f2-bd21b2346d31', 'context': [<snowplow_tracker.self_describing_json.SelfDescribingJson object at 0x7f79761957b0>]}
[0m18:07:25.182064 [info ] [MainThread]: 
[0m18:07:25.182676 [info ] [MainThread]: Concurrency: 1 threads (target='dev')
[0m18:07:25.183030 [info ] [MainThread]: 
[0m18:07:25.183597 [debug] [MainThread]: Acquiring new postgres connection 'master'
[0m18:07:25.184645 [debug] [ThreadPool]: Acquiring new postgres connection 'list_metastore_db'
[0m18:07:25.216978 [debug] [ThreadPool]: Using postgres connection "list_metastore_db"
[0m18:07:25.217527 [debug] [ThreadPool]: On list_metastore_db: /* {"app": "dbt", "dbt_version": "1.9.3", "profile_name": "dbt_project", "target_name": "dev", "connection_name": "list_metastore_db"} */

    select distinct nspname from pg_namespace
  
[0m18:07:25.217846 [debug] [ThreadPool]: Opening a new connection, currently in state init
[0m18:07:25.222681 [debug] [ThreadPool]: SQL status: SELECT 7 in 0.005 seconds
[0m18:07:25.224150 [debug] [ThreadPool]: On list_metastore_db: Close
[0m18:07:25.230303 [debug] [ThreadPool]: Re-using an available connection from the pool (formerly list_metastore_db, now list_metastore_db_snapshots)
[0m18:07:25.236440 [debug] [ThreadPool]: Using postgres connection "list_metastore_db_snapshots"
[0m18:07:25.236949 [debug] [ThreadPool]: On list_metastore_db_snapshots: BEGIN
[0m18:07:25.237332 [debug] [ThreadPool]: Opening a new connection, currently in state closed
[0m18:07:25.240342 [debug] [ThreadPool]: SQL status: BEGIN in 0.003 seconds
[0m18:07:25.240821 [debug] [ThreadPool]: Using postgres connection "list_metastore_db_snapshots"
[0m18:07:25.241199 [debug] [ThreadPool]: On list_metastore_db_snapshots: /* {"app": "dbt", "dbt_version": "1.9.3", "profile_name": "dbt_project", "target_name": "dev", "connection_name": "list_metastore_db_snapshots"} */
select
      'metastore_db' as database,
      tablename as name,
      schemaname as schema,
      'table' as type
    from pg_tables
    where schemaname ilike 'snapshots'
    union all
    select
      'metastore_db' as database,
      viewname as name,
      schemaname as schema,
      'view' as type
    from pg_views
    where schemaname ilike 'snapshots'
    union all
    select
      'metastore_db' as database,
      matviewname as name,
      schemaname as schema,
      'materialized_view' as type
    from pg_matviews
    where schemaname ilike 'snapshots'
  
[0m18:07:25.246121 [debug] [ThreadPool]: SQL status: SELECT 0 in 0.004 seconds
[0m18:07:25.247790 [debug] [ThreadPool]: On list_metastore_db_snapshots: ROLLBACK
[0m18:07:25.248374 [debug] [ThreadPool]: On list_metastore_db_snapshots: Close
[0m18:07:25.248917 [debug] [ThreadPool]: Re-using an available connection from the pool (formerly list_metastore_db_snapshots, now list_metastore_db_public)
[0m18:07:25.251028 [debug] [ThreadPool]: Using postgres connection "list_metastore_db_public"
[0m18:07:25.251370 [debug] [ThreadPool]: On list_metastore_db_public: BEGIN
[0m18:07:25.251651 [debug] [ThreadPool]: Opening a new connection, currently in state closed
[0m18:07:25.254487 [debug] [ThreadPool]: SQL status: BEGIN in 0.003 seconds
[0m18:07:25.254896 [debug] [ThreadPool]: Using postgres connection "list_metastore_db_public"
[0m18:07:25.255226 [debug] [ThreadPool]: On list_metastore_db_public: /* {"app": "dbt", "dbt_version": "1.9.3", "profile_name": "dbt_project", "target_name": "dev", "connection_name": "list_metastore_db_public"} */
select
      'metastore_db' as database,
      tablename as name,
      schemaname as schema,
      'table' as type
    from pg_tables
    where schemaname ilike 'public'
    union all
    select
      'metastore_db' as database,
      viewname as name,
      schemaname as schema,
      'view' as type
    from pg_views
    where schemaname ilike 'public'
    union all
    select
      'metastore_db' as database,
      matviewname as name,
      schemaname as schema,
      'materialized_view' as type
    from pg_matviews
    where schemaname ilike 'public'
  
[0m18:07:25.258340 [debug] [ThreadPool]: SQL status: SELECT 9 in 0.003 seconds
[0m18:07:25.260575 [debug] [ThreadPool]: On list_metastore_db_public: ROLLBACK
[0m18:07:25.262057 [debug] [ThreadPool]: On list_metastore_db_public: Close
[0m18:07:25.268848 [debug] [MainThread]: Using postgres connection "master"
[0m18:07:25.269273 [debug] [MainThread]: On master: BEGIN
[0m18:07:25.269568 [debug] [MainThread]: Opening a new connection, currently in state init
[0m18:07:25.272440 [debug] [MainThread]: SQL status: BEGIN in 0.003 seconds
[0m18:07:25.272831 [debug] [MainThread]: Using postgres connection "master"
[0m18:07:25.273173 [debug] [MainThread]: On master: /* {"app": "dbt", "dbt_version": "1.9.3", "profile_name": "dbt_project", "target_name": "dev", "connection_name": "master"} */
with relation as (
        select
            pg_rewrite.ev_class as class,
            pg_rewrite.oid as id
        from pg_rewrite
    ),
    class as (
        select
            oid as id,
            relname as name,
            relnamespace as schema,
            relkind as kind
        from pg_class
    ),
    dependency as (
        select distinct
            pg_depend.objid as id,
            pg_depend.refobjid as ref
        from pg_depend
    ),
    schema as (
        select
            pg_namespace.oid as id,
            pg_namespace.nspname as name
        from pg_namespace
        where nspname != 'information_schema' and nspname not like 'pg\_%'
    ),
    referenced as (
        select
            relation.id AS id,
            referenced_class.name ,
            referenced_class.schema ,
            referenced_class.kind
        from relation
        join class as referenced_class on relation.class=referenced_class.id
        where referenced_class.kind in ('r', 'v', 'm')
    ),
    relationships as (
        select
            referenced.name as referenced_name,
            referenced.schema as referenced_schema_id,
            dependent_class.name as dependent_name,
            dependent_class.schema as dependent_schema_id,
            referenced.kind as kind
        from referenced
        join dependency on referenced.id=dependency.id
        join class as dependent_class on dependency.ref=dependent_class.id
        where
            (referenced.name != dependent_class.name or
             referenced.schema != dependent_class.schema)
    )

    select
        referenced_schema.name as referenced_schema,
        relationships.referenced_name as referenced_name,
        dependent_schema.name as dependent_schema,
        relationships.dependent_name as dependent_name
    from relationships
    join schema as dependent_schema on relationships.dependent_schema_id=dependent_schema.id
    join schema as referenced_schema on relationships.referenced_schema_id=referenced_schema.id
    group by referenced_schema, referenced_name, dependent_schema, dependent_name
    order by referenced_schema, referenced_name, dependent_schema, dependent_name;
[0m18:07:25.279806 [debug] [MainThread]: SQL status: SELECT 0 in 0.006 seconds
[0m18:07:25.280949 [debug] [MainThread]: Sending event: {'category': 'dbt', 'action': 'runnable_timing', 'label': '1774c6a9-0b4b-4ff9-83f2-bd21b2346d31', 'context': [<snowplow_tracker.self_describing_json.SelfDescribingJson object at 0x7f7979d22590>]}
[0m18:07:25.281588 [debug] [MainThread]: On master: ROLLBACK
[0m18:07:25.282057 [debug] [MainThread]: Using postgres connection "master"
[0m18:07:25.282390 [debug] [MainThread]: On master: BEGIN
[0m18:07:25.282914 [debug] [MainThread]: SQL status: BEGIN in 0.000 seconds
[0m18:07:25.283241 [debug] [MainThread]: On master: COMMIT
[0m18:07:25.283532 [debug] [MainThread]: Using postgres connection "master"
[0m18:07:25.283803 [debug] [MainThread]: On master: COMMIT
[0m18:07:25.284254 [debug] [MainThread]: SQL status: COMMIT in 0.000 seconds
[0m18:07:25.284583 [debug] [MainThread]: On master: Close
[0m18:07:25.286646 [debug] [Thread-1 (]: Began running node model.dbt_project.customer
[0m18:07:25.287217 [info ] [Thread-1 (]: 1 of 1 START sql table model public.customer ................................... [RUN]
[0m18:07:25.287770 [debug] [Thread-1 (]: Re-using an available connection from the pool (formerly list_metastore_db_public, now model.dbt_project.customer)
[0m18:07:25.288228 [debug] [Thread-1 (]: Began compiling node model.dbt_project.customer
[0m18:07:25.297107 [debug] [Thread-1 (]: Writing injected SQL for node "model.dbt_project.customer"
[0m18:07:25.297791 [debug] [Thread-1 (]: Began executing node model.dbt_project.customer
[0m18:07:25.334242 [debug] [Thread-1 (]: Writing runtime sql for node "model.dbt_project.customer"
[0m18:07:25.335006 [debug] [Thread-1 (]: Using postgres connection "model.dbt_project.customer"
[0m18:07:25.335423 [debug] [Thread-1 (]: On model.dbt_project.customer: BEGIN
[0m18:07:25.335745 [debug] [Thread-1 (]: Opening a new connection, currently in state closed
[0m18:07:25.339115 [debug] [Thread-1 (]: SQL status: BEGIN in 0.003 seconds
[0m18:07:25.339626 [debug] [Thread-1 (]: Using postgres connection "model.dbt_project.customer"
[0m18:07:25.340005 [debug] [Thread-1 (]: On model.dbt_project.customer: /* {"app": "dbt", "dbt_version": "1.9.3", "profile_name": "dbt_project", "target_name": "dev", "node_id": "model.dbt_project.customer"} */

  
    

  create  table "metastore_db"."public"."customer__dbt_tmp"
  
  
    as
  
  (
    

SELECT * FROM customers
  );
  
[0m18:07:25.344380 [debug] [Thread-1 (]: SQL status: SELECT 0 in 0.004 seconds
[0m18:07:25.351475 [debug] [Thread-1 (]: Using postgres connection "model.dbt_project.customer"
[0m18:07:25.351936 [debug] [Thread-1 (]: On model.dbt_project.customer: /* {"app": "dbt", "dbt_version": "1.9.3", "profile_name": "dbt_project", "target_name": "dev", "node_id": "model.dbt_project.customer"} */
alter table "metastore_db"."public"."customer" rename to "customer__dbt_backup"
[0m18:07:25.352816 [debug] [Thread-1 (]: SQL status: ALTER TABLE in 0.000 seconds
[0m18:07:25.355562 [debug] [Thread-1 (]: Using postgres connection "model.dbt_project.customer"
[0m18:07:25.355951 [debug] [Thread-1 (]: On model.dbt_project.customer: /* {"app": "dbt", "dbt_version": "1.9.3", "profile_name": "dbt_project", "target_name": "dev", "node_id": "model.dbt_project.customer"} */
alter table "metastore_db"."public"."customer__dbt_tmp" rename to "customer"
[0m18:07:25.356652 [debug] [Thread-1 (]: SQL status: ALTER TABLE in 0.000 seconds
[0m18:07:25.375113 [debug] [Thread-1 (]: On model.dbt_project.customer: COMMIT
[0m18:07:25.376010 [debug] [Thread-1 (]: Using postgres connection "model.dbt_project.customer"
[0m18:07:25.376624 [debug] [Thread-1 (]: On model.dbt_project.customer: COMMIT
[0m18:07:25.378413 [debug] [Thread-1 (]: SQL status: COMMIT in 0.001 seconds
[0m18:07:25.384106 [debug] [Thread-1 (]: Applying DROP to: "metastore_db"."public"."customer__dbt_backup"
[0m18:07:25.387881 [debug] [Thread-1 (]: Using postgres connection "model.dbt_project.customer"
[0m18:07:25.388319 [debug] [Thread-1 (]: On model.dbt_project.customer: /* {"app": "dbt", "dbt_version": "1.9.3", "profile_name": "dbt_project", "target_name": "dev", "node_id": "model.dbt_project.customer"} */
drop table if exists "metastore_db"."public"."customer__dbt_backup" cascade
[0m18:07:25.390203 [debug] [Thread-1 (]: SQL status: DROP TABLE in 0.001 seconds
[0m18:07:25.393663 [debug] [Thread-1 (]: On model.dbt_project.customer: Close
[0m18:07:25.396485 [debug] [Thread-1 (]: Sending event: {'category': 'dbt', 'action': 'run_model', 'label': '1774c6a9-0b4b-4ff9-83f2-bd21b2346d31', 'context': [<snowplow_tracker.self_describing_json.SelfDescribingJson object at 0x7f7974b3af50>]}
[0m18:07:25.397216 [info ] [Thread-1 (]: 1 of 1 OK created sql table model public.customer .............................. [[32mSELECT 0[0m in 0.11s]
[0m18:07:25.397776 [debug] [Thread-1 (]: Finished running node model.dbt_project.customer
[0m18:07:25.398908 [debug] [MainThread]: Using postgres connection "master"
[0m18:07:25.399290 [debug] [MainThread]: On master: BEGIN
[0m18:07:25.399594 [debug] [MainThread]: Opening a new connection, currently in state closed
[0m18:07:25.403340 [debug] [MainThread]: SQL status: BEGIN in 0.004 seconds
[0m18:07:25.403914 [debug] [MainThread]: On master: COMMIT
[0m18:07:25.404253 [debug] [MainThread]: Using postgres connection "master"
[0m18:07:25.404543 [debug] [MainThread]: On master: COMMIT
[0m18:07:25.404948 [debug] [MainThread]: SQL status: COMMIT in 0.000 seconds
[0m18:07:25.405266 [debug] [MainThread]: On master: Close
[0m18:07:25.405675 [debug] [MainThread]: Connection 'master' was properly closed.
[0m18:07:25.405959 [debug] [MainThread]: Connection 'model.dbt_project.customer' was properly closed.
[0m18:07:25.406263 [info ] [MainThread]: 
[0m18:07:25.406582 [info ] [MainThread]: Finished running 1 table model in 0 hours 0 minutes and 0.22 seconds (0.22s).
[0m18:07:25.407493 [debug] [MainThread]: Command end result
[0m18:07:25.437321 [debug] [MainThread]: Wrote artifact WritableManifest to /home/prasannak/Documents/dbt_project/dbt_project/target/manifest.json
[0m18:07:25.439151 [debug] [MainThread]: Wrote artifact SemanticManifest to /home/prasannak/Documents/dbt_project/dbt_project/target/semantic_manifest.json
[0m18:07:25.446145 [debug] [MainThread]: Wrote artifact RunExecutionResult to /home/prasannak/Documents/dbt_project/dbt_project/target/run_results.json
[0m18:07:25.446597 [info ] [MainThread]: 
[0m18:07:25.447001 [info ] [MainThread]: [32mCompleted successfully[0m
[0m18:07:25.447335 [info ] [MainThread]: 
[0m18:07:25.447726 [info ] [MainThread]: Done. PASS=1 WARN=0 ERROR=0 SKIP=0 TOTAL=1
[0m18:07:25.448563 [debug] [MainThread]: Resource report: {"command_name": "run", "command_success": true, "command_wall_clock_time": 1.1470227, "process_in_blocks": "0", "process_kernel_time": 0.128944, "process_mem_max_rss": "123988", "process_out_blocks": "2696", "process_user_time": 2.397963}
[0m18:07:25.449099 [debug] [MainThread]: Command `cli run` succeeded at 18:07:25.449006 after 1.15 seconds
[0m18:07:25.449458 [debug] [MainThread]: Sending event: {'category': 'dbt', 'action': 'invocation', 'label': 'end', 'context': [<snowplow_tracker.self_describing_json.SelfDescribingJson object at 0x7f79788fd2a0>, <snowplow_tracker.self_describing_json.SelfDescribingJson object at 0x7f79761713c0>, <snowplow_tracker.self_describing_json.SelfDescribingJson object at 0x7f7979ba3b20>]}
[0m18:07:25.450053 [debug] [MainThread]: Flushing usage events
[0m18:07:26.880405 [debug] [MainThread]: An error was encountered while trying to flush usage events
[0m18:07:47.921608 [debug] [MainThread]: Sending event: {'category': 'dbt', 'action': 'invocation', 'label': 'start', 'context': [<snowplow_tracker.self_describing_json.SelfDescribingJson object at 0x7b06fe9c1210>, <snowplow_tracker.self_describing_json.SelfDescribingJson object at 0x7b06fdbbf310>, <snowplow_tracker.self_describing_json.SelfDescribingJson object at 0x7b06fdbbf2b0>]}


============================== 18:07:47.924550 | f7e69ca3-09ea-400d-9c92-504c3a670708 ==============================
[0m18:07:47.924550 [info ] [MainThread]: Running with dbt=1.9.3
[0m18:07:47.925100 [debug] [MainThread]: running dbt with arguments {'printer_width': '80', 'indirect_selection': 'eager', 'log_cache_events': 'False', 'write_json': 'True', 'partial_parse': 'True', 'cache_selected_only': 'False', 'profiles_dir': '/home/prasannak/.dbt', 'debug': 'False', 'version_check': 'True', 'log_path': '/home/prasannak/Documents/dbt_project/dbt_project/logs', 'fail_fast': 'False', 'warn_error': 'None', 'use_colors': 'True', 'use_experimental_parser': 'False', 'no_print': 'None', 'quiet': 'False', 'empty': 'None', 'log_format': 'default', 'static_parser': 'True', 'invocation_command': 'dbt ', 'introspect': 'True', 'target_path': 'None', 'warn_error_options': 'WarnErrorOptions(include=[], exclude=[])', 'send_anonymous_usage_stats': 'True'}
[0m18:07:48.130524 [debug] [MainThread]: Sending event: {'category': 'dbt', 'action': 'project_id', 'label': 'f7e69ca3-09ea-400d-9c92-504c3a670708', 'context': [<snowplow_tracker.self_describing_json.SelfDescribingJson object at 0x7b06ffc1cb50>]}
[0m18:07:48.211282 [debug] [MainThread]: Sending event: {'category': 'dbt', 'action': 'adapter_info', 'label': 'f7e69ca3-09ea-400d-9c92-504c3a670708', 'context': [<snowplow_tracker.self_describing_json.SelfDescribingJson object at 0x7b06fea6fa30>]}
[0m18:07:48.212212 [info ] [MainThread]: Registered adapter: postgres=1.9.0
[0m18:07:48.290008 [debug] [MainThread]: checksum: 5671c00892cdbcef29c3b00cc5ba7510c3d18a35c883caeb9ab9ee266dc29c8f, vars: {}, profile: , target: , version: 1.9.3
[0m18:07:48.500343 [debug] [MainThread]: Partial parsing enabled: 0 files deleted, 0 files added, 0 files changed.
[0m18:07:48.500789 [debug] [MainThread]: Partial parsing enabled, no changes found, skipping parsing
[0m18:07:48.568734 [debug] [MainThread]: Sending event: {'category': 'dbt', 'action': 'load_project', 'label': 'f7e69ca3-09ea-400d-9c92-504c3a670708', 'context': [<snowplow_tracker.self_describing_json.SelfDescribingJson object at 0x7b06fc1d0040>]}
[0m18:07:48.689415 [debug] [MainThread]: Wrote artifact WritableManifest to /home/prasannak/Documents/dbt_project/dbt_project/target/manifest.json
[0m18:07:48.695409 [debug] [MainThread]: Wrote artifact SemanticManifest to /home/prasannak/Documents/dbt_project/dbt_project/target/semantic_manifest.json
[0m18:07:48.714256 [debug] [MainThread]: Sending event: {'category': 'dbt', 'action': 'resource_counts', 'label': 'f7e69ca3-09ea-400d-9c92-504c3a670708', 'context': [<snowplow_tracker.self_describing_json.SelfDescribingJson object at 0x7b06fc1d0940>]}
[0m18:07:48.714814 [info ] [MainThread]: Found 11 models, 4 snapshots, 8 data tests, 1 seed, 585 macros
[0m18:07:48.715169 [debug] [MainThread]: Sending event: {'category': 'dbt', 'action': 'runnable_timing', 'label': 'f7e69ca3-09ea-400d-9c92-504c3a670708', 'context': [<snowplow_tracker.self_describing_json.SelfDescribingJson object at 0x7b06fc1d0d90>]}
[0m18:07:48.716635 [info ] [MainThread]: 
[0m18:07:48.717082 [info ] [MainThread]: Concurrency: 1 threads (target='dev')
[0m18:07:48.717501 [info ] [MainThread]: 
[0m18:07:48.718075 [debug] [MainThread]: Acquiring new postgres connection 'master'
[0m18:07:48.722932 [debug] [ThreadPool]: Acquiring new postgres connection 'list_metastore_db_public'
[0m18:07:48.750459 [debug] [ThreadPool]: Using postgres connection "list_metastore_db_public"
[0m18:07:48.750947 [debug] [ThreadPool]: On list_metastore_db_public: BEGIN
[0m18:07:48.751298 [debug] [ThreadPool]: Opening a new connection, currently in state init
[0m18:07:48.754751 [debug] [ThreadPool]: SQL status: BEGIN in 0.003 seconds
[0m18:07:48.755211 [debug] [ThreadPool]: Using postgres connection "list_metastore_db_public"
[0m18:07:48.755536 [debug] [ThreadPool]: On list_metastore_db_public: /* {"app": "dbt", "dbt_version": "1.9.3", "profile_name": "dbt_project", "target_name": "dev", "connection_name": "list_metastore_db_public"} */
select
      'metastore_db' as database,
      tablename as name,
      schemaname as schema,
      'table' as type
    from pg_tables
    where schemaname ilike 'public'
    union all
    select
      'metastore_db' as database,
      viewname as name,
      schemaname as schema,
      'view' as type
    from pg_views
    where schemaname ilike 'public'
    union all
    select
      'metastore_db' as database,
      matviewname as name,
      schemaname as schema,
      'materialized_view' as type
    from pg_matviews
    where schemaname ilike 'public'
  
[0m18:07:48.760103 [debug] [ThreadPool]: SQL status: SELECT 9 in 0.004 seconds
[0m18:07:48.761921 [debug] [ThreadPool]: On list_metastore_db_public: ROLLBACK
[0m18:07:48.762591 [debug] [ThreadPool]: On list_metastore_db_public: Close
[0m18:07:48.763225 [debug] [ThreadPool]: Re-using an available connection from the pool (formerly list_metastore_db_public, now list_metastore_db_snapshots)
[0m18:07:48.766614 [debug] [ThreadPool]: Using postgres connection "list_metastore_db_snapshots"
[0m18:07:48.766975 [debug] [ThreadPool]: On list_metastore_db_snapshots: BEGIN
[0m18:07:48.767295 [debug] [ThreadPool]: Opening a new connection, currently in state closed
[0m18:07:48.770496 [debug] [ThreadPool]: SQL status: BEGIN in 0.003 seconds
[0m18:07:48.770964 [debug] [ThreadPool]: Using postgres connection "list_metastore_db_snapshots"
[0m18:07:48.771293 [debug] [ThreadPool]: On list_metastore_db_snapshots: /* {"app": "dbt", "dbt_version": "1.9.3", "profile_name": "dbt_project", "target_name": "dev", "connection_name": "list_metastore_db_snapshots"} */
select
      'metastore_db' as database,
      tablename as name,
      schemaname as schema,
      'table' as type
    from pg_tables
    where schemaname ilike 'snapshots'
    union all
    select
      'metastore_db' as database,
      viewname as name,
      schemaname as schema,
      'view' as type
    from pg_views
    where schemaname ilike 'snapshots'
    union all
    select
      'metastore_db' as database,
      matviewname as name,
      schemaname as schema,
      'materialized_view' as type
    from pg_matviews
    where schemaname ilike 'snapshots'
  
[0m18:07:48.774555 [debug] [ThreadPool]: SQL status: SELECT 0 in 0.003 seconds
[0m18:07:48.776982 [debug] [ThreadPool]: On list_metastore_db_snapshots: ROLLBACK
[0m18:07:48.778222 [debug] [ThreadPool]: On list_metastore_db_snapshots: Close
[0m18:07:48.783395 [debug] [MainThread]: Using postgres connection "master"
[0m18:07:48.783821 [debug] [MainThread]: On master: BEGIN
[0m18:07:48.784147 [debug] [MainThread]: Opening a new connection, currently in state init
[0m18:07:48.786938 [debug] [MainThread]: SQL status: BEGIN in 0.003 seconds
[0m18:07:48.787304 [debug] [MainThread]: Using postgres connection "master"
[0m18:07:48.787625 [debug] [MainThread]: On master: /* {"app": "dbt", "dbt_version": "1.9.3", "profile_name": "dbt_project", "target_name": "dev", "connection_name": "master"} */
with relation as (
        select
            pg_rewrite.ev_class as class,
            pg_rewrite.oid as id
        from pg_rewrite
    ),
    class as (
        select
            oid as id,
            relname as name,
            relnamespace as schema,
            relkind as kind
        from pg_class
    ),
    dependency as (
        select distinct
            pg_depend.objid as id,
            pg_depend.refobjid as ref
        from pg_depend
    ),
    schema as (
        select
            pg_namespace.oid as id,
            pg_namespace.nspname as name
        from pg_namespace
        where nspname != 'information_schema' and nspname not like 'pg\_%'
    ),
    referenced as (
        select
            relation.id AS id,
            referenced_class.name ,
            referenced_class.schema ,
            referenced_class.kind
        from relation
        join class as referenced_class on relation.class=referenced_class.id
        where referenced_class.kind in ('r', 'v', 'm')
    ),
    relationships as (
        select
            referenced.name as referenced_name,
            referenced.schema as referenced_schema_id,
            dependent_class.name as dependent_name,
            dependent_class.schema as dependent_schema_id,
            referenced.kind as kind
        from referenced
        join dependency on referenced.id=dependency.id
        join class as dependent_class on dependency.ref=dependent_class.id
        where
            (referenced.name != dependent_class.name or
             referenced.schema != dependent_class.schema)
    )

    select
        referenced_schema.name as referenced_schema,
        relationships.referenced_name as referenced_name,
        dependent_schema.name as dependent_schema,
        relationships.dependent_name as dependent_name
    from relationships
    join schema as dependent_schema on relationships.dependent_schema_id=dependent_schema.id
    join schema as referenced_schema on relationships.referenced_schema_id=referenced_schema.id
    group by referenced_schema, referenced_name, dependent_schema, dependent_name
    order by referenced_schema, referenced_name, dependent_schema, dependent_name;
[0m18:07:48.795204 [debug] [MainThread]: SQL status: SELECT 0 in 0.007 seconds
[0m18:07:48.796403 [debug] [MainThread]: Sending event: {'category': 'dbt', 'action': 'runnable_timing', 'label': 'f7e69ca3-09ea-400d-9c92-504c3a670708', 'context': [<snowplow_tracker.self_describing_json.SelfDescribingJson object at 0x7b06fc1d1960>]}
[0m18:07:48.796922 [debug] [MainThread]: On master: ROLLBACK
[0m18:07:48.797441 [debug] [MainThread]: Using postgres connection "master"
[0m18:07:48.797753 [debug] [MainThread]: On master: BEGIN
[0m18:07:48.798254 [debug] [MainThread]: SQL status: BEGIN in 0.000 seconds
[0m18:07:48.798552 [debug] [MainThread]: On master: COMMIT
[0m18:07:48.798831 [debug] [MainThread]: Using postgres connection "master"
[0m18:07:48.799108 [debug] [MainThread]: On master: COMMIT
[0m18:07:48.799491 [debug] [MainThread]: SQL status: COMMIT in 0.000 seconds
[0m18:07:48.799780 [debug] [MainThread]: On master: Close
[0m18:07:48.802499 [debug] [Thread-1 (]: Began running node test.dbt_project.not_null_customer_id.adb2edb66e
[0m18:07:48.803140 [info ] [Thread-1 (]: 1 of 2 START test not_null_customer_id ......................................... [RUN]
[0m18:07:48.803630 [debug] [Thread-1 (]: Re-using an available connection from the pool (formerly list_metastore_db_snapshots, now test.dbt_project.not_null_customer_id.adb2edb66e)
[0m18:07:48.803991 [debug] [Thread-1 (]: Began compiling node test.dbt_project.not_null_customer_id.adb2edb66e
[0m18:07:48.820378 [debug] [Thread-1 (]: Writing injected SQL for node "test.dbt_project.not_null_customer_id.adb2edb66e"
[0m18:07:48.821080 [debug] [Thread-1 (]: Began executing node test.dbt_project.not_null_customer_id.adb2edb66e
[0m18:07:48.834947 [debug] [Thread-1 (]: Writing runtime sql for node "test.dbt_project.not_null_customer_id.adb2edb66e"
[0m18:07:48.835682 [debug] [Thread-1 (]: Using postgres connection "test.dbt_project.not_null_customer_id.adb2edb66e"
[0m18:07:48.836061 [debug] [Thread-1 (]: On test.dbt_project.not_null_customer_id.adb2edb66e: BEGIN
[0m18:07:48.836386 [debug] [Thread-1 (]: Opening a new connection, currently in state closed
[0m18:07:48.839519 [debug] [Thread-1 (]: SQL status: BEGIN in 0.003 seconds
[0m18:07:48.840013 [debug] [Thread-1 (]: Using postgres connection "test.dbt_project.not_null_customer_id.adb2edb66e"
[0m18:07:48.840394 [debug] [Thread-1 (]: On test.dbt_project.not_null_customer_id.adb2edb66e: /* {"app": "dbt", "dbt_version": "1.9.3", "profile_name": "dbt_project", "target_name": "dev", "node_id": "test.dbt_project.not_null_customer_id.adb2edb66e"} */
select
      count(*) as failures,
      count(*) != 0 as should_warn,
      count(*) != 0 as should_error
    from (
      
    
    



select id
from "metastore_db"."public"."customer"
where id is null



      
    ) dbt_internal_test
[0m18:07:48.842121 [debug] [Thread-1 (]: SQL status: SELECT 1 in 0.001 seconds
[0m18:07:48.847795 [debug] [Thread-1 (]: On test.dbt_project.not_null_customer_id.adb2edb66e: ROLLBACK
[0m18:07:48.848585 [debug] [Thread-1 (]: On test.dbt_project.not_null_customer_id.adb2edb66e: Close
[0m18:07:48.849248 [info ] [Thread-1 (]: 1 of 2 PASS not_null_customer_id ............................................... [[32mPASS[0m in 0.05s]
[0m18:07:48.849785 [debug] [Thread-1 (]: Finished running node test.dbt_project.not_null_customer_id.adb2edb66e
[0m18:07:48.850204 [debug] [Thread-1 (]: Began running node test.dbt_project.unique_customer_id.d22032a29c
[0m18:07:48.850559 [info ] [Thread-1 (]: 2 of 2 START test unique_customer_id ........................................... [RUN]
[0m18:07:48.851167 [debug] [Thread-1 (]: Re-using an available connection from the pool (formerly test.dbt_project.not_null_customer_id.adb2edb66e, now test.dbt_project.unique_customer_id.d22032a29c)
[0m18:07:48.851607 [debug] [Thread-1 (]: Began compiling node test.dbt_project.unique_customer_id.d22032a29c
[0m18:07:48.857276 [debug] [Thread-1 (]: Writing injected SQL for node "test.dbt_project.unique_customer_id.d22032a29c"
[0m18:07:48.858011 [debug] [Thread-1 (]: Began executing node test.dbt_project.unique_customer_id.d22032a29c
[0m18:07:48.861175 [debug] [Thread-1 (]: Writing runtime sql for node "test.dbt_project.unique_customer_id.d22032a29c"
[0m18:07:48.863101 [debug] [Thread-1 (]: Using postgres connection "test.dbt_project.unique_customer_id.d22032a29c"
[0m18:07:48.863960 [debug] [Thread-1 (]: On test.dbt_project.unique_customer_id.d22032a29c: BEGIN
[0m18:07:48.864296 [debug] [Thread-1 (]: Opening a new connection, currently in state closed
[0m18:07:48.867529 [debug] [Thread-1 (]: SQL status: BEGIN in 0.003 seconds
[0m18:07:48.867976 [debug] [Thread-1 (]: Using postgres connection "test.dbt_project.unique_customer_id.d22032a29c"
[0m18:07:48.868334 [debug] [Thread-1 (]: On test.dbt_project.unique_customer_id.d22032a29c: /* {"app": "dbt", "dbt_version": "1.9.3", "profile_name": "dbt_project", "target_name": "dev", "node_id": "test.dbt_project.unique_customer_id.d22032a29c"} */
select
      count(*) as failures,
      count(*) != 0 as should_warn,
      count(*) != 0 as should_error
    from (
      
    
    

select
    id as unique_field,
    count(*) as n_records

from "metastore_db"."public"."customer"
where id is not null
group by id
having count(*) > 1



      
    ) dbt_internal_test
[0m18:07:48.870064 [debug] [Thread-1 (]: SQL status: SELECT 1 in 0.001 seconds
[0m18:07:48.871557 [debug] [Thread-1 (]: On test.dbt_project.unique_customer_id.d22032a29c: ROLLBACK
[0m18:07:48.872236 [debug] [Thread-1 (]: On test.dbt_project.unique_customer_id.d22032a29c: Close
[0m18:07:48.873108 [info ] [Thread-1 (]: 2 of 2 PASS unique_customer_id ................................................. [[32mPASS[0m in 0.02s]
[0m18:07:48.873993 [debug] [Thread-1 (]: Finished running node test.dbt_project.unique_customer_id.d22032a29c
[0m18:07:48.875431 [debug] [MainThread]: Using postgres connection "master"
[0m18:07:48.876273 [debug] [MainThread]: On master: BEGIN
[0m18:07:48.876869 [debug] [MainThread]: Opening a new connection, currently in state closed
[0m18:07:48.881645 [debug] [MainThread]: SQL status: BEGIN in 0.005 seconds
[0m18:07:48.882171 [debug] [MainThread]: On master: COMMIT
[0m18:07:48.882532 [debug] [MainThread]: Using postgres connection "master"
[0m18:07:48.882814 [debug] [MainThread]: On master: COMMIT
[0m18:07:48.883209 [debug] [MainThread]: SQL status: COMMIT in 0.000 seconds
[0m18:07:48.883513 [debug] [MainThread]: On master: Close
[0m18:07:48.883952 [debug] [MainThread]: Connection 'master' was properly closed.
[0m18:07:48.884259 [debug] [MainThread]: Connection 'test.dbt_project.unique_customer_id.d22032a29c' was properly closed.
[0m18:07:48.884593 [info ] [MainThread]: 
[0m18:07:48.884971 [info ] [MainThread]: Finished running 2 data tests in 0 hours 0 minutes and 0.17 seconds (0.17s).
[0m18:07:48.885951 [debug] [MainThread]: Command end result
[0m18:07:48.913917 [debug] [MainThread]: Wrote artifact WritableManifest to /home/prasannak/Documents/dbt_project/dbt_project/target/manifest.json
[0m18:07:48.915529 [debug] [MainThread]: Wrote artifact SemanticManifest to /home/prasannak/Documents/dbt_project/dbt_project/target/semantic_manifest.json
[0m18:07:48.921536 [debug] [MainThread]: Wrote artifact RunExecutionResult to /home/prasannak/Documents/dbt_project/dbt_project/target/run_results.json
[0m18:07:48.921931 [info ] [MainThread]: 
[0m18:07:48.922337 [info ] [MainThread]: [32mCompleted successfully[0m
[0m18:07:48.922695 [info ] [MainThread]: 
[0m18:07:48.923072 [info ] [MainThread]: Done. PASS=2 WARN=0 ERROR=0 SKIP=0 TOTAL=2
[0m18:07:48.924155 [debug] [MainThread]: Resource report: {"command_name": "test", "command_success": true, "command_wall_clock_time": 1.0700641, "process_in_blocks": "0", "process_kernel_time": 0.123837, "process_mem_max_rss": "125340", "process_out_blocks": "2720", "process_user_time": 2.248059}
[0m18:07:48.924817 [debug] [MainThread]: Command `cli test` succeeded at 18:07:48.924662 after 1.07 seconds
[0m18:07:48.925634 [debug] [MainThread]: Sending event: {'category': 'dbt', 'action': 'invocation', 'label': 'end', 'context': [<snowplow_tracker.self_describing_json.SelfDescribingJson object at 0x7b06fe9c1210>, <snowplow_tracker.self_describing_json.SelfDescribingJson object at 0x7b06fee66bc0>, <snowplow_tracker.self_describing_json.SelfDescribingJson object at 0x7b06ff044550>]}
[0m18:07:48.926631 [debug] [MainThread]: Flushing usage events
[0m18:07:50.231859 [debug] [MainThread]: An error was encountered while trying to flush usage events
[0m18:07:57.479034 [debug] [MainThread]: Sending event: {'category': 'dbt', 'action': 'invocation', 'label': 'start', 'context': [<snowplow_tracker.self_describing_json.SelfDescribingJson object at 0x7df47ec811e0>, <snowplow_tracker.self_describing_json.SelfDescribingJson object at 0x7df47de7f340>, <snowplow_tracker.self_describing_json.SelfDescribingJson object at 0x7df47de7f2e0>]}


============================== 18:07:57.481292 | e41c21e8-2054-4349-b0d0-5ef168ccd020 ==============================
[0m18:07:57.481292 [info ] [MainThread]: Running with dbt=1.9.3
[0m18:07:57.481765 [debug] [MainThread]: running dbt with arguments {'printer_width': '80', 'indirect_selection': 'eager', 'log_cache_events': 'False', 'write_json': 'True', 'partial_parse': 'True', 'cache_selected_only': 'False', 'warn_error': 'None', 'version_check': 'True', 'debug': 'False', 'log_path': '/home/prasannak/Documents/dbt_project/dbt_project/logs', 'fail_fast': 'False', 'profiles_dir': '/home/prasannak/.dbt', 'use_colors': 'True', 'use_experimental_parser': 'False', 'no_print': 'None', 'quiet': 'False', 'empty': 'None', 'log_format': 'default', 'static_parser': 'True', 'invocation_command': 'dbt ', 'warn_error_options': 'WarnErrorOptions(include=[], exclude=[])', 'target_path': 'None', 'introspect': 'True', 'send_anonymous_usage_stats': 'True'}
[0m18:07:57.664061 [debug] [MainThread]: Sending event: {'category': 'dbt', 'action': 'project_id', 'label': 'e41c21e8-2054-4349-b0d0-5ef168ccd020', 'context': [<snowplow_tracker.self_describing_json.SelfDescribingJson object at 0x7df47dbec0d0>]}
[0m18:07:57.737040 [debug] [MainThread]: Sending event: {'category': 'dbt', 'action': 'adapter_info', 'label': 'e41c21e8-2054-4349-b0d0-5ef168ccd020', 'context': [<snowplow_tracker.self_describing_json.SelfDescribingJson object at 0x7df47dbaa770>]}
[0m18:07:57.737787 [info ] [MainThread]: Registered adapter: postgres=1.9.0
[0m18:07:57.812542 [debug] [MainThread]: checksum: 5671c00892cdbcef29c3b00cc5ba7510c3d18a35c883caeb9ab9ee266dc29c8f, vars: {}, profile: , target: , version: 1.9.3
[0m18:07:58.015923 [debug] [MainThread]: Partial parsing enabled: 0 files deleted, 0 files added, 0 files changed.
[0m18:07:58.016399 [debug] [MainThread]: Partial parsing enabled, no changes found, skipping parsing
[0m18:07:58.084601 [debug] [MainThread]: Sending event: {'category': 'dbt', 'action': 'load_project', 'label': 'e41c21e8-2054-4349-b0d0-5ef168ccd020', 'context': [<snowplow_tracker.self_describing_json.SelfDescribingJson object at 0x7df47dfa3280>]}
[0m18:07:58.201451 [debug] [MainThread]: Wrote artifact WritableManifest to /home/prasannak/Documents/dbt_project/dbt_project/target/manifest.json
[0m18:07:58.205680 [debug] [MainThread]: Wrote artifact SemanticManifest to /home/prasannak/Documents/dbt_project/dbt_project/target/semantic_manifest.json
[0m18:07:58.230834 [debug] [MainThread]: Sending event: {'category': 'dbt', 'action': 'resource_counts', 'label': 'e41c21e8-2054-4349-b0d0-5ef168ccd020', 'context': [<snowplow_tracker.self_describing_json.SelfDescribingJson object at 0x7df47c7dd690>]}
[0m18:07:58.231457 [info ] [MainThread]: Found 11 models, 4 snapshots, 8 data tests, 1 seed, 585 macros
[0m18:07:58.231819 [debug] [MainThread]: Sending event: {'category': 'dbt', 'action': 'runnable_timing', 'label': 'e41c21e8-2054-4349-b0d0-5ef168ccd020', 'context': [<snowplow_tracker.self_describing_json.SelfDescribingJson object at 0x7df47c7dc8e0>]}
[0m18:07:58.233305 [info ] [MainThread]: 
[0m18:07:58.233769 [info ] [MainThread]: Concurrency: 1 threads (target='dev')
[0m18:07:58.234260 [info ] [MainThread]: 
[0m18:07:58.234860 [debug] [MainThread]: Acquiring new postgres connection 'master'
[0m18:07:58.239595 [debug] [ThreadPool]: Acquiring new postgres connection 'list_metastore_db_public'
[0m18:07:58.269329 [debug] [ThreadPool]: Using postgres connection "list_metastore_db_public"
[0m18:07:58.269795 [debug] [ThreadPool]: On list_metastore_db_public: BEGIN
[0m18:07:58.270100 [debug] [ThreadPool]: Opening a new connection, currently in state init
[0m18:07:58.273688 [debug] [ThreadPool]: SQL status: BEGIN in 0.003 seconds
[0m18:07:58.274178 [debug] [ThreadPool]: Using postgres connection "list_metastore_db_public"
[0m18:07:58.274520 [debug] [ThreadPool]: On list_metastore_db_public: /* {"app": "dbt", "dbt_version": "1.9.3", "profile_name": "dbt_project", "target_name": "dev", "connection_name": "list_metastore_db_public"} */
select
      'metastore_db' as database,
      tablename as name,
      schemaname as schema,
      'table' as type
    from pg_tables
    where schemaname ilike 'public'
    union all
    select
      'metastore_db' as database,
      viewname as name,
      schemaname as schema,
      'view' as type
    from pg_views
    where schemaname ilike 'public'
    union all
    select
      'metastore_db' as database,
      matviewname as name,
      schemaname as schema,
      'materialized_view' as type
    from pg_matviews
    where schemaname ilike 'public'
  
[0m18:07:58.278827 [debug] [ThreadPool]: SQL status: SELECT 9 in 0.004 seconds
[0m18:07:58.280208 [debug] [ThreadPool]: On list_metastore_db_public: ROLLBACK
[0m18:07:58.280790 [debug] [ThreadPool]: On list_metastore_db_public: Close
[0m18:07:58.281454 [debug] [ThreadPool]: Re-using an available connection from the pool (formerly list_metastore_db_public, now list_metastore_db_snapshots)
[0m18:07:58.284689 [debug] [ThreadPool]: Using postgres connection "list_metastore_db_snapshots"
[0m18:07:58.285058 [debug] [ThreadPool]: On list_metastore_db_snapshots: BEGIN
[0m18:07:58.285364 [debug] [ThreadPool]: Opening a new connection, currently in state closed
[0m18:07:58.288321 [debug] [ThreadPool]: SQL status: BEGIN in 0.003 seconds
[0m18:07:58.288837 [debug] [ThreadPool]: Using postgres connection "list_metastore_db_snapshots"
[0m18:07:58.289194 [debug] [ThreadPool]: On list_metastore_db_snapshots: /* {"app": "dbt", "dbt_version": "1.9.3", "profile_name": "dbt_project", "target_name": "dev", "connection_name": "list_metastore_db_snapshots"} */
select
      'metastore_db' as database,
      tablename as name,
      schemaname as schema,
      'table' as type
    from pg_tables
    where schemaname ilike 'snapshots'
    union all
    select
      'metastore_db' as database,
      viewname as name,
      schemaname as schema,
      'view' as type
    from pg_views
    where schemaname ilike 'snapshots'
    union all
    select
      'metastore_db' as database,
      matviewname as name,
      schemaname as schema,
      'materialized_view' as type
    from pg_matviews
    where schemaname ilike 'snapshots'
  
[0m18:07:58.293111 [debug] [ThreadPool]: SQL status: SELECT 0 in 0.003 seconds
[0m18:07:58.295103 [debug] [ThreadPool]: On list_metastore_db_snapshots: ROLLBACK
[0m18:07:58.295646 [debug] [ThreadPool]: On list_metastore_db_snapshots: Close
[0m18:07:58.300524 [debug] [MainThread]: Using postgres connection "master"
[0m18:07:58.300906 [debug] [MainThread]: On master: BEGIN
[0m18:07:58.301201 [debug] [MainThread]: Opening a new connection, currently in state init
[0m18:07:58.304031 [debug] [MainThread]: SQL status: BEGIN in 0.003 seconds
[0m18:07:58.304396 [debug] [MainThread]: Using postgres connection "master"
[0m18:07:58.304723 [debug] [MainThread]: On master: /* {"app": "dbt", "dbt_version": "1.9.3", "profile_name": "dbt_project", "target_name": "dev", "connection_name": "master"} */
with relation as (
        select
            pg_rewrite.ev_class as class,
            pg_rewrite.oid as id
        from pg_rewrite
    ),
    class as (
        select
            oid as id,
            relname as name,
            relnamespace as schema,
            relkind as kind
        from pg_class
    ),
    dependency as (
        select distinct
            pg_depend.objid as id,
            pg_depend.refobjid as ref
        from pg_depend
    ),
    schema as (
        select
            pg_namespace.oid as id,
            pg_namespace.nspname as name
        from pg_namespace
        where nspname != 'information_schema' and nspname not like 'pg\_%'
    ),
    referenced as (
        select
            relation.id AS id,
            referenced_class.name ,
            referenced_class.schema ,
            referenced_class.kind
        from relation
        join class as referenced_class on relation.class=referenced_class.id
        where referenced_class.kind in ('r', 'v', 'm')
    ),
    relationships as (
        select
            referenced.name as referenced_name,
            referenced.schema as referenced_schema_id,
            dependent_class.name as dependent_name,
            dependent_class.schema as dependent_schema_id,
            referenced.kind as kind
        from referenced
        join dependency on referenced.id=dependency.id
        join class as dependent_class on dependency.ref=dependent_class.id
        where
            (referenced.name != dependent_class.name or
             referenced.schema != dependent_class.schema)
    )

    select
        referenced_schema.name as referenced_schema,
        relationships.referenced_name as referenced_name,
        dependent_schema.name as dependent_schema,
        relationships.dependent_name as dependent_name
    from relationships
    join schema as dependent_schema on relationships.dependent_schema_id=dependent_schema.id
    join schema as referenced_schema on relationships.referenced_schema_id=referenced_schema.id
    group by referenced_schema, referenced_name, dependent_schema, dependent_name
    order by referenced_schema, referenced_name, dependent_schema, dependent_name;
[0m18:07:58.311602 [debug] [MainThread]: SQL status: SELECT 0 in 0.006 seconds
[0m18:07:58.312752 [debug] [MainThread]: Sending event: {'category': 'dbt', 'action': 'runnable_timing', 'label': 'e41c21e8-2054-4349-b0d0-5ef168ccd020', 'context': [<snowplow_tracker.self_describing_json.SelfDescribingJson object at 0x7df47c7df4c0>]}
[0m18:07:58.313273 [debug] [MainThread]: On master: ROLLBACK
[0m18:07:58.313810 [debug] [MainThread]: Using postgres connection "master"
[0m18:07:58.314119 [debug] [MainThread]: On master: BEGIN
[0m18:07:58.314611 [debug] [MainThread]: SQL status: BEGIN in 0.000 seconds
[0m18:07:58.314909 [debug] [MainThread]: On master: COMMIT
[0m18:07:58.315197 [debug] [MainThread]: Using postgres connection "master"
[0m18:07:58.315622 [debug] [MainThread]: On master: COMMIT
[0m18:07:58.316165 [debug] [MainThread]: SQL status: COMMIT in 0.000 seconds
[0m18:07:58.316643 [debug] [MainThread]: On master: Close
[0m18:07:58.319773 [debug] [Thread-1 (]: Began running node test.dbt_project.not_null_customer_id.adb2edb66e
[0m18:07:58.320288 [info ] [Thread-1 (]: 1 of 2 START test not_null_customer_id ......................................... [RUN]
[0m18:07:58.320783 [debug] [Thread-1 (]: Re-using an available connection from the pool (formerly list_metastore_db_snapshots, now test.dbt_project.not_null_customer_id.adb2edb66e)
[0m18:07:58.321165 [debug] [Thread-1 (]: Began compiling node test.dbt_project.not_null_customer_id.adb2edb66e
[0m18:07:58.336880 [debug] [Thread-1 (]: Writing injected SQL for node "test.dbt_project.not_null_customer_id.adb2edb66e"
[0m18:07:58.337570 [debug] [Thread-1 (]: Began executing node test.dbt_project.not_null_customer_id.adb2edb66e
[0m18:07:58.351634 [debug] [Thread-1 (]: Writing runtime sql for node "test.dbt_project.not_null_customer_id.adb2edb66e"
[0m18:07:58.352358 [debug] [Thread-1 (]: Using postgres connection "test.dbt_project.not_null_customer_id.adb2edb66e"
[0m18:07:58.352763 [debug] [Thread-1 (]: On test.dbt_project.not_null_customer_id.adb2edb66e: BEGIN
[0m18:07:58.353081 [debug] [Thread-1 (]: Opening a new connection, currently in state closed
[0m18:07:58.356121 [debug] [Thread-1 (]: SQL status: BEGIN in 0.003 seconds
[0m18:07:58.356615 [debug] [Thread-1 (]: Using postgres connection "test.dbt_project.not_null_customer_id.adb2edb66e"
[0m18:07:58.356994 [debug] [Thread-1 (]: On test.dbt_project.not_null_customer_id.adb2edb66e: /* {"app": "dbt", "dbt_version": "1.9.3", "profile_name": "dbt_project", "target_name": "dev", "node_id": "test.dbt_project.not_null_customer_id.adb2edb66e"} */
select
      count(*) as failures,
      count(*) != 0 as should_warn,
      count(*) != 0 as should_error
    from (
      
    
    



select id
from "metastore_db"."public"."customer"
where id is null



      
    ) dbt_internal_test
[0m18:07:58.358771 [debug] [Thread-1 (]: SQL status: SELECT 1 in 0.001 seconds
[0m18:07:58.364023 [debug] [Thread-1 (]: On test.dbt_project.not_null_customer_id.adb2edb66e: ROLLBACK
[0m18:07:58.364874 [debug] [Thread-1 (]: On test.dbt_project.not_null_customer_id.adb2edb66e: Close
[0m18:07:58.365722 [info ] [Thread-1 (]: 1 of 2 PASS not_null_customer_id ............................................... [[32mPASS[0m in 0.04s]
[0m18:07:58.366468 [debug] [Thread-1 (]: Finished running node test.dbt_project.not_null_customer_id.adb2edb66e
[0m18:07:58.366970 [debug] [Thread-1 (]: Began running node test.dbt_project.unique_customer_id.d22032a29c
[0m18:07:58.367472 [info ] [Thread-1 (]: 2 of 2 START test unique_customer_id ........................................... [RUN]
[0m18:07:58.367918 [debug] [Thread-1 (]: Re-using an available connection from the pool (formerly test.dbt_project.not_null_customer_id.adb2edb66e, now test.dbt_project.unique_customer_id.d22032a29c)
[0m18:07:58.368315 [debug] [Thread-1 (]: Began compiling node test.dbt_project.unique_customer_id.d22032a29c
[0m18:07:58.374907 [debug] [Thread-1 (]: Writing injected SQL for node "test.dbt_project.unique_customer_id.d22032a29c"
[0m18:07:58.375779 [debug] [Thread-1 (]: Began executing node test.dbt_project.unique_customer_id.d22032a29c
[0m18:07:58.380639 [debug] [Thread-1 (]: Writing runtime sql for node "test.dbt_project.unique_customer_id.d22032a29c"
[0m18:07:58.381444 [debug] [Thread-1 (]: Using postgres connection "test.dbt_project.unique_customer_id.d22032a29c"
[0m18:07:58.381840 [debug] [Thread-1 (]: On test.dbt_project.unique_customer_id.d22032a29c: BEGIN
[0m18:07:58.382144 [debug] [Thread-1 (]: Opening a new connection, currently in state closed
[0m18:07:58.385146 [debug] [Thread-1 (]: SQL status: BEGIN in 0.003 seconds
[0m18:07:58.385851 [debug] [Thread-1 (]: Using postgres connection "test.dbt_project.unique_customer_id.d22032a29c"
[0m18:07:58.386492 [debug] [Thread-1 (]: On test.dbt_project.unique_customer_id.d22032a29c: /* {"app": "dbt", "dbt_version": "1.9.3", "profile_name": "dbt_project", "target_name": "dev", "node_id": "test.dbt_project.unique_customer_id.d22032a29c"} */
select
      count(*) as failures,
      count(*) != 0 as should_warn,
      count(*) != 0 as should_error
    from (
      
    
    

select
    id as unique_field,
    count(*) as n_records

from "metastore_db"."public"."customer"
where id is not null
group by id
having count(*) > 1



      
    ) dbt_internal_test
[0m18:07:58.387991 [debug] [Thread-1 (]: SQL status: SELECT 1 in 0.001 seconds
[0m18:07:58.389309 [debug] [Thread-1 (]: On test.dbt_project.unique_customer_id.d22032a29c: ROLLBACK
[0m18:07:58.389967 [debug] [Thread-1 (]: On test.dbt_project.unique_customer_id.d22032a29c: Close
[0m18:07:58.390830 [info ] [Thread-1 (]: 2 of 2 PASS unique_customer_id ................................................. [[32mPASS[0m in 0.02s]
[0m18:07:58.391560 [debug] [Thread-1 (]: Finished running node test.dbt_project.unique_customer_id.d22032a29c
[0m18:07:58.393933 [debug] [MainThread]: Using postgres connection "master"
[0m18:07:58.395429 [debug] [MainThread]: On master: BEGIN
[0m18:07:58.395809 [debug] [MainThread]: Opening a new connection, currently in state closed
[0m18:07:58.398874 [debug] [MainThread]: SQL status: BEGIN in 0.003 seconds
[0m18:07:58.399373 [debug] [MainThread]: On master: COMMIT
[0m18:07:58.399698 [debug] [MainThread]: Using postgres connection "master"
[0m18:07:58.399976 [debug] [MainThread]: On master: COMMIT
[0m18:07:58.400420 [debug] [MainThread]: SQL status: COMMIT in 0.000 seconds
[0m18:07:58.400721 [debug] [MainThread]: On master: Close
[0m18:07:58.401152 [debug] [MainThread]: Connection 'master' was properly closed.
[0m18:07:58.401426 [debug] [MainThread]: Connection 'test.dbt_project.unique_customer_id.d22032a29c' was properly closed.
[0m18:07:58.401733 [info ] [MainThread]: 
[0m18:07:58.402070 [info ] [MainThread]: Finished running 2 data tests in 0 hours 0 minutes and 0.17 seconds (0.17s).
[0m18:07:58.402918 [debug] [MainThread]: Command end result
[0m18:07:58.431236 [debug] [MainThread]: Wrote artifact WritableManifest to /home/prasannak/Documents/dbt_project/dbt_project/target/manifest.json
[0m18:07:58.432914 [debug] [MainThread]: Wrote artifact SemanticManifest to /home/prasannak/Documents/dbt_project/dbt_project/target/semantic_manifest.json
[0m18:07:58.438660 [debug] [MainThread]: Wrote artifact RunExecutionResult to /home/prasannak/Documents/dbt_project/dbt_project/target/run_results.json
[0m18:07:58.439031 [info ] [MainThread]: 
[0m18:07:58.439476 [info ] [MainThread]: [32mCompleted successfully[0m
[0m18:07:58.439900 [info ] [MainThread]: 
[0m18:07:58.440350 [info ] [MainThread]: Done. PASS=2 WARN=0 ERROR=0 SKIP=0 TOTAL=2
[0m18:07:58.441409 [debug] [MainThread]: Resource report: {"command_name": "test", "command_success": true, "command_wall_clock_time": 1.0271639, "process_in_blocks": "0", "process_kernel_time": 0.112896, "process_mem_max_rss": "125620", "process_out_blocks": "2712", "process_user_time": 2.204975}
[0m18:07:58.442278 [debug] [MainThread]: Command `cli test` succeeded at 18:07:58.442148 after 1.03 seconds
[0m18:07:58.442985 [debug] [MainThread]: Sending event: {'category': 'dbt', 'action': 'invocation', 'label': 'end', 'context': [<snowplow_tracker.self_describing_json.SelfDescribingJson object at 0x7df47ec811e0>, <snowplow_tracker.self_describing_json.SelfDescribingJson object at 0x7df47ed44700>, <snowplow_tracker.self_describing_json.SelfDescribingJson object at 0x7df47ad92950>]}
[0m18:07:58.444203 [debug] [MainThread]: Flushing usage events
[0m18:07:59.756992 [debug] [MainThread]: An error was encountered while trying to flush usage events
